time_s,time_ms,signal
0.0,0.0,1.2736108262246216e-06
7.98379605984914e-05,0.07983796059849141,1.3732367835678917e-06
0.0001596759211969828,0.15967592119698282,1.635923787808809e-06
0.00023951388179547424,0.23951388179547425,2.0879889135192342e-06
0.0003193518423939656,0.31935184239396563,2.7740970607107057e-06
0.0003991898029924571,0.3991898029924571,3.7607494496981296e-06
0.0004790277635909485,0.4790277635909485,5.141360629544847e-06
0.0005588657241894398,0.5588657241894398,7.043190843532889e-06
0.0006387036847879312,0.6387036847879313,9.636483778548174e-06
0.0007185416453864227,0.7185416453864227,1.3146249365026166e-05
0.0007983796059849142,0.7983796059849142,1.786722783307277e-05
0.0008782175665834056,0.8782175665834056,2.418267448978142e-05
0.000958055527181897,0.958055527181897,3.258771369741277e-05
0.0010378934877803884,1.0378934877803883,4.371812336985869e-05
0.0011177314483788797,1.1177314483788796,5.838552487385639e-05
0.0011975694089773712,1.1975694089773712,7.76200630754466e-05
0.0012774073695758625,1.2774073695758625,0.00010272176142522163
0.001357245330174354,1.357245330174354,0.0001353218197435567
0.0014370832907728455,1.4370832907728455,0.00017745517825477962
0.0015169212513713368,1.5169212513713368,0.00023164568908212558
0.0015967592119698283,1.5967592119698284,0.000301005202716633
0.0016765971725683196,1.6765971725683195,0.00038934777717137436
0.0017564351331668111,1.756435133166811,0.000501320035626318
0.0018362730937653024,1.8362730937653025,0.0006425484176285398
0.001916111054363794,1.916111054363794,0.0008198036726175875
0.0019959490149622852,1.9959490149622852,0.0010411824169496253
0.0020757869755607767,2.0757869755607765,0.0013163049031115798
0.0021556249361592682,2.1556249361592683,0.0016565273224273013
0.0022354628967577593,2.235462896757759,0.0020751659753902993
0.002315300857356251,2.315300857356251,0.002587729498802565
0.0023951388179547423,2.3951388179547424,0.003212154046773299
0.002474976778553234,2.4749767785532337,0.003969034904285037
0.002554814739151725,2.554814739151725,0.00488184650028352
0.0026346526997502165,2.6346526997502164,0.005977141227969784
0.002714490660348708,2.714490660348708,0.007284715932818085
0.0027943286209471995,2.7943286209471996,0.008837733467278609
0.002874166581545691,2.874166581545691,0.01067278542165312
0.002954004542144182,2.9540045421441823,0.012829881121042712
0.0030338425027426736,3.0338425027426736,0.015352347334795435
0.003113680463341165,3.113680463341165,0.018286622988231624
0.0031935184239396566,3.193518423939657,0.021681933606637886
0.0032733563845381477,3.2733563845381477,0.02558983136181122
0.003353194345136639,3.353194345136639,0.030063588521114768
0.0034330323057351307,3.433032305735131,0.0351574348858549
0.0035128702663336222,3.512870266333622,0.04092563348812198
0.0035927082269321133,3.592708226932113,0.04742139339429961
0.003672546187530605,3.672546187530605,0.05469562389648766
0.0037523841481290963,3.7523841481290963,0.06279554056781288
0.003832222108727588,3.832222108727588,0.07176314046862058
0.003912060069326079,3.912060069326079,0.08163357101822914
0.0039918980299245704,3.9918980299245703,0.09243342443929756
0.004071735990523062,4.071735990523062,0.10417899693995437
0.0041515739511215535,4.151573951121553,0.11687455858536606
0.004231411911720045,4.231411911720045,0.13051068576229538
0.0043112498723185365,4.311249872318537,0.145062712884076
0.004391087832917028,4.391087832917028,0.16048936315414525
0.004470925793515519,4.470925793515518,0.17673161946728755
0.00455076375411401,4.55076375411401,0.19371189559245758
0.004630601714712502,4.630601714712502,0.21133356443409643
0.004710439675310993,4.710439675310993,0.22948089428542612
0.004790277635909485,4.790277635909485,0.24801943555005138
0.004870115596507976,4.8701155965079765,0.26679688951945296
0.004949953557106468,4.9499535571064674,0.28564447768244666
0.005029791517704959,5.029791517704959,0.3043788150634766
0.00510962947830345,5.10962947830345,0.322804274714889
0.005189467438901941,5.189467438901941,0.34071581330432044
0.005269305399500433,5.269305399500433,0.3579022104065583
0.005349143360098924,5.349143360098925,0.3741496573499118
0.005428981320697416,5.428981320697416,0.38924561602418245
0.0055088192812959074,5.508819281295907,0.4029828546602246
0.005588657241894399,5.588657241894399,0.4151635569184752
0.0056684952024928905,5.66849520249289,0.42560339326414637
0.005748333163091382,5.748333163091382,0.43413544002489995
0.005828171123689873,5.828171123689873,0.4406138320337674
0.005908009084288364,5.908009084288365,0.4449170394910922
0.005987847044886856,5.9878470448868555,0.4469506685800883
0.006067685005485347,6.067685005485347,0.4466496981937493
0.006147522966083839,6.147522966083839,0.44398008144312817
0.00622736092668233,6.22736092668233,0.43893965981611416
0.006307198887280822,6.307198887280822,0.4315583591976214
0.006387036847879313,6.387036847879314,0.42189765959615605
0.006466874808477805,6.4668748084778045,0.4100493534315301
0.006546712769076295,6.546712769076295,0.39613362968833915
0.006626550729674787,6.626550729674787,0.38029654221950315
0.006706388690273278,6.706388690273278,0.36270693915576163
0.00678622665087177,6.78622665087177,0.3435529460141528
0.006866064611470261,6.866064611470262,0.3230381071219444
0.006945902572068753,6.945902572068753,0.30137729797558505
0.0070257405326672445,7.025740532667244,0.27879252491927825
0.007105578493265736,7.105578493265736,0.25550872803197294
0.007185416453864227,7.185416453864226,0.2317496985218462
0.007265254414462718,7.265254414462718,0.2077342135861949
0.00734509237506121,7.34509237506121,0.18367248009606685
0.007424930335659701,7.424930335659701,0.1597629642241692
0.007504768296258193,7.5047682962581925,0.13618966795266613
0.007584606256856684,7.584606256856684,0.11311989602218392
0.007664444217455176,7.664444217455176,0.09070253907179399
0.007744282178053667,7.744282178053667,0.06906688119983595
0.007824120138652158,7.824120138652158,0.048321923614467924
0.00790395809925065,7.903958099250651,0.02855620101792618
0.007983796059849141,7.983796059849141,0.009838054347610493
0.008063634020447633,8.063634020447633,-0.007783687176585423
0.008143471981046124,8.143471981046124,-0.024278669862417133
0.008223309941644615,8.223309941644615,-0.039633685844820535
0.008303147902243107,8.303147902243106,-0.05385111336758625
0.008382985862841598,8.382985862841597,-0.0669471909388382
0.00846282382344009,8.46282382344009,-0.07895018742530141
0.00854266178403858,8.54266178403858,-0.08989852640501589
0.008622499744637073,8.622499744637073,-0.09983891778937866
0.008702337705235564,8.702337705235564,-0.10882454323507137
0.008782175665834056,8.782175665834057,-0.11691333458203179
0.008862013626432547,8.862013626432546,-0.12416637684959474
0.008941851587031037,8.941851587031037,-0.13064645954492193
0.00902168954762953,9.02168954762953,-0.13641679249007088
0.00910152750822802,9.10152750822802,-0.1415398953109949
0.009181365468826513,9.181365468826513,-0.14607666335268
0.009261203429425003,9.261203429425004,-0.1500856072324722
0.009341041390023496,9.341041390023495,-0.15362225860593992
0.009420879350621986,9.420879350621986,-0.15673873103313277
0.009500717311220479,9.500717311220479,-0.15948342208920932
0.00958055527181897,9.58055527181897,-0.16190084101603722
0.00966039323241746,9.66039323241746,-0.16403154518429977
0.009740231193015952,9.740231193015953,-0.16591216833171532
0.009820069153614443,9.820069153614442,-0.1675755238509884
0.009899907114212935,9.899907114212935,-0.16905076720406492
0.009979745074811426,9.979745074811426,-0.17036360272017864
0.010059583035409918,10.059583035409918,-0.17153652148234683
0.010139420996008409,10.13942099600841,-0.1725890586184542
0.0102192589566069,10.2192589566069,-0.17353805999881117
0.010299096917205392,10.299096917205393,-0.17439795002643152
0.010378934877803883,10.378934877803882,-0.17518099382797528
0.010458772838402375,10.458772838402375,-0.17589754866582744
0.010538610799000866,10.538610799000866,-0.17655630076241027
0.010618448759599358,10.618448759599358,-0.17716448493597325
0.010698286720197849,10.69828672019785,-0.17772808548330168
0.010778124680796341,10.778124680796342,-0.17825201760827883
0.010857962641394832,10.857962641394831,-0.17874028939234135
0.010937800601993323,10.937800601993322,-0.17919614484531174
0.011017638562591815,11.017638562591815,-0.17962218897795296
0.011097476523190306,11.097476523190306,-0.1800204961183134
0.011177314483788798,11.177314483788798,-0.18039270287061626
0.011257152444387289,11.25715244438729,-0.18074008720624973
0.011336990404985781,11.33699040498578,-0.181063635198474
0.011416828365584272,11.416828365584271,-0.18136409688169908
0.011496666326182764,11.496666326182764,-0.18164203264647066
0.011576504286781255,11.576504286781255,-0.18189785148485743
0.011656342247379745,11.656342247379746,-0.1821318422878856
0.011736180207978238,11.736180207978238,-0.18234419927514445
0.011816018168576728,11.81601816857673,-0.1825350425132012
0.01189585612917522,11.89585612917522,-0.18270443435885964
0.011975694089773711,11.975694089773711,-0.18285239254891233
0.012055532050372204,12.055532050372204,-0.18297890055234706
0.012135370010970694,12.135370010970695,-0.18308391570514693
0.012215207971569187,12.215207971569187,-0.183167375562505
0.012295045932167677,12.295045932167678,-0.18322920282856436
0.012374883892766168,12.374883892766167,-0.18326930915918477
0.01245472185336466,12.45472185336466,-0.18328759807810815
0.012534559813963151,12.53455981396315,-0.1832839672004411
0.012614397774561643,12.614397774561644,-0.18325830991865485
0.012694235735160134,12.694235735160134,-0.18321051667424704
0.012774073695758626,12.774073695758627,-0.1831404759121594
0.012853911656357117,12.853911656357116,-0.18304807479384222
0.01293374961695561,12.933749616955609,-0.18293319972788877
0.0130135875775541,13.0135875775541,-0.18279573676366823
0.01309342553815259,13.09342553815259,-0.1826355718827318
0.013173263498751083,13.173263498751083,-0.18245259121443877
0.013253101459349574,13.253101459349574,-0.1822466811957513
0.013332939419948066,13.332939419948065,-0.18201772869019428
0.013412777380546557,13.412777380546556,-0.18176562107714428
0.01349261534114505,13.492615341145049,-0.18149024631972427
0.01357245330174354,13.57245330174354,-0.18119149301737436
0.01365229126234203,13.65229126234203,-0.1808692504475945
0.013732129222940523,13.732129222940523,-0.1805234086000492
0.013811967183539013,13.811967183539014,-0.18015385820542465
0.013891805144137506,13.891805144137505,-0.17976049076070463
0.013971643104735997,13.971643104735996,-0.17934319855206765
0.014051481065334489,14.051481065334489,-0.17890187467627958
0.01413131902593298,14.13131902593298,-0.17843641306117777
0.014211156986531472,14.211156986531472,-0.1779467084857014
0.014290994947129963,14.290994947129963,-0.17743265659975785
0.014370832907728453,14.370832907728452,-0.17689415394413147
0.014450670868326946,14.450670868326945,-0.1763310979706217
0.014530508828925436,14.530508828925436,-0.17574338706249296
0.014610346789523929,14.610346789523929,-0.17513092055533985
0.01469018475012242,14.69018475012242,-0.17449359875840953
0.014770022710720912,14.770022710720912,-0.17383132297644147
0.014849860671319402,14.849860671319401,-0.17314399553205675
0.014929698631917895,14.929698631917894,-0.17243151978873086
0.015009536592516385,15.009536592516385,-0.17169380017438915
0.015089374553114876,15.089374553114876,-0.17093074220562476
0.015169212513713368,15.169212513713369,-0.1701422525126041
0.015249050474311859,15.24905047431186,-0.169328238864632
0.015328888434910351,15.328888434910352,-0.16848861019646388
0.015408726395508842,15.408726395508841,-0.16762327663532636
0.015488564356107334,15.488564356107334,-0.1667321495287269
0.015568402316705825,15.568402316705825,-0.1658151414730329
0.015648240277304316,15.648240277304316,-0.1648721663428953
0.015728078237902808,15.728078237902809,-0.1639031393214859
0.0158079161985013,15.807916198501301,-0.16290797693163162
0.01588775415909979,15.887754159099789,-0.1618865970678533
0.015967592119698282,15.967592119698281,-0.16083891902932004
0.016047430080296774,16.047430080296774,-0.15976486355380337
0.016127268040895266,16.127268040895267,-0.15866435285260883
0.016207106001493755,16.207106001493756,-0.157537310646554
0.016286943962092248,16.28694396209225,-0.15638366220302743
0.01636678192269074,16.36678192269074,-0.15520333437413852
0.01644661988328923,16.44661988328923,-0.15399625563604477
0.01652645784388772,16.526457843887723,-0.15276235612945965
0.016606295804486214,16.606295804486212,-0.151501567701394
0.016686133765084706,16.686133765084705,-0.15021382394817534
0.016765971725683195,16.765971725683194,-0.14889906025979685
0.016845809686281688,16.845809686281687,-0.14755721386565127
0.01692564764688018,16.92564764688018,-0.14618822388167493
0.017005485607478672,17.005485607478672,-0.1447920313589707
0.01708532356807716,17.08532356807716,-0.14336857933396654
0.017165161528675654,17.165161528675654,-0.1419178128801671
0.017244999489274146,17.244999489274146,-0.1404396791615462
0.017324837449872635,17.324837449872636,-0.13893412748764933
0.017404675410471127,17.40467541047113,-0.13740110937047081
0.01748451337106962,17.48451337106962,-0.13584057858317747
0.017564351331668112,17.564351331668114,-0.1342524912207378
0.0176441892922666,17.6441892922666,-0.13263680576253892
0.017724027252865093,17.724027252865092,-0.13099348313706163
0.017803865213463586,17.803865213463585,-0.129322486788696
0.017883703174062075,17.883703174062074,-0.12762378274678726
0.017963541134660567,17.963541134660566,-0.1258973396969772
0.01804337909525906,18.04337909525906,-0.12414312905497027
0.01812321705585755,18.123217055857552,-0.12236112504276994
0.01820305501645604,18.20305501645604,-0.12055130476752118
0.018282892977054533,18.282892977054534,-0.11871364830306332
0.018362730937653025,18.362730937653026,-0.11684813877425823
0.018442568898251514,18.442568898251515,-0.11495476244427262
0.018522406858850007,18.522406858850008,-0.11303350880487353
0.0186022448194485,18.6022448194485,-0.11108437066988802
0.01868208278004699,18.68208278004699,-0.10910734427196657
0.01876192074064548,18.76192074064548,-0.10710242936275222
0.018841758701243973,18.841758701243972,-0.10506962931662552
0.018921596661842465,18.921596661842464,-0.10300895123817305
0.019001434622440957,19.001434622440957,-0.10092040607349637
0.019081272583039446,19.081272583039446,-0.09880400872558827
0.01916111054363794,19.16111054363794,-0.0966597781738855
0.01924094850423643,19.24094850423643,-0.09448773759820836
0.01932078646483492,19.32078646483492,-0.0922879145072596
0.019400624425433412,19.400624425433413,-0.09006034087189597
0.019480462386031905,19.480462386031906,-0.08780505326334836
0.019560300346630397,19.5603003466304,-0.08552209299662679
0.019640138307228886,19.640138307228884,-0.08321150627932991
0.01971997626782738,19.719976267827377,-0.08087334436608465
0.01979981422842587,19.79981422842587,-0.07850766371887447
0.01987965218902436,19.87965218902436,-0.07611452617349766
0.019959490149622852,19.95949014962285,-0.07369399911243528
0.020039328110221345,20.039328110221344,-0.07124615564441572
0.020119166070819837,20.119166070819837,-0.0687710747909416
0.020199004031418326,20.199004031418326,-0.06626884168012952
0.020278841992016818,20.27884199201682,-0.06373954774813533
0.02035867995261531,20.35867995261531,-0.061183290948541726
0.0204385179132138,20.4385179132138,-0.058600175970014226
0.020518355873812292,20.518355873812293,-0.05599031446262038
0.020598193834410784,20.598193834410786,-0.05335382527316549
0.020678031795009277,20.678031795009275,-0.05069083468995031
0.020757869755607766,20.757869755607764,-0.048001476697322416
0.020837707716206258,20.837707716206257,-0.04528589324047406
0.02091754567680475,20.91754567680475,-0.04254423450088767
0.020997383637403243,20.997383637403242,-0.03977665918286786
0.02107722159800173,21.07722159800173,-0.03698333481162678
0.021157059558600224,21.157059558600224,-0.034164438043365164
0.021236897519198716,21.236897519198717,-0.03132015498782755
0.021316735479797205,21.316735479797206,-0.0284506815438258
0.021396573440395698,21.3965734403957,-0.025556223748183567
0.02147641140099419,21.47641140099419,-0.022636998138664405
0.021556249361592682,21.556249361592684,-0.01969323213133066
0.02163608732219117,21.63608732219117,-0.016725164412895788
0.021715925282789664,21.715925282789662,-0.013733045348605864
0.021795763243388156,21.795763243388155,-0.010717137406209908
0.021875601203986645,21.875601203986644,-0.007677715596575668
0.021955439164585137,21.955439164585137,-0.004615067931621015
0.02203527712518363,22.03527712518363,-0.0015294959001530741
0.022115115085782122,22.115115085782122,0.0015786850376321685
0.02219495304638061,22.19495304638061,0.00470914493623374
0.022274791006979103,22.274791006979104,0.007861538830708751
0.022354628967577596,22.354628967577597,0.011035506181289657
0.022434466928176088,22.43446692817609,0.014230670295795089
0.022514304888774577,22.51430488877458,0.017446637728590918
0.02259414284937307,22.59414284937307,0.020682997654790446
0.022673980809971562,22.67398080997156,0.02393932121823494
0.02275381877057005,22.75381877057005,0.02721516085153127
0.022833656731168543,22.833656731168542,0.030510049566347317
0.022913494691767036,22.913494691767035,0.033823500211953524
0.022993332652365528,22.993332652365527,0.037155004699826674
0.023073170612964017,23.073170612964017,0.04050403319209228
0.02315300857356251,23.15300857356251,0.04387003325148674
0.023232846534161,23.232846534161002,0.04725242895069063
0.02331268449475949,23.31268449475949,0.05065061993907403
0.023392522455357983,23.392522455357984,0.0540639804654348
0.023472360415956475,23.472360415956476,0.05749185835612052
0.023552198376554968,23.55219837655497,0.06093357394917147
0.023632036337153457,23.63203633715346,0.0643884189869398
0.02371187429775195,23.711874297751947,0.06785565547217029
0.02379171225835044,23.79171225835044,0.07133451449606967
0.02387155021894893,23.87155021894893,0.07482419505148621
0.023951388179547423,23.951388179547422,0.07832386285056395
0.024031226140145915,24.031226140145915,0.08183264917417055
0.024111064100744407,24.111064100744407,0.08534964979071226
0.024190902061342896,24.190902061342896,0.08887392399495936
0.02427074002194139,24.27074002194139,0.0924044938337867
0.02435057798253988,24.350577982539882,0.0959403436060322
0.024430415943138373,24.430415943138375,0.09948041974850079
0.024510253903736862,24.510253903736864,0.10302363125033492
0.024590091864335355,24.590091864335356,0.1065688507742803
0.024669929824933847,24.669929824933845,0.11011491670652217
0.024749767785532336,24.749767785532335,0.11366063640745278
0.02482960574613083,24.829605746130827,0.11720479099454605
0.02490944370672932,24.90944370672932,0.1207461420557979
0.024989281667327813,24.989281667327813,0.1242834407681006
0.025069119627926302,25.0691196279263,0.12781543997895572
0.025148957588524794,25.148957588524794,0.13134090990131733
0.025228795549123287,25.228795549123287,0.13485865816824708
0.025308633509721776,25.308633509721776,0.13836755509409834
0.025388471470320268,25.38847147032027,0.14186656508821308
0.02546830943091876,25.46830943091876,0.14535478526070317
0.025548147391517253,25.548147391517254,0.14883149234149373
0.025627985352115742,25.627985352115743,0.15229619909510775
0.025707823312714234,25.707823312714233,0.15574872144528873
0.025787661273312727,25.787661273312725,0.15918925751373816
0.02586749923391122,25.867499233911218,0.1626184797133181
0.025947337194509708,25.947337194509707,0.16603764090354545
0.0260271751551082,26.0271751551082,0.1694486953997816
0.026107013115706693,26.107013115706692,0.17285443531161296
0.02618685107630518,26.18685107630518,0.1762586422553143
0.026266689036903674,26.266689036903674,0.17966625392609634
0.026346526997502166,26.346526997502167,0.1830835443167741
0.02642636495810066,26.42636495810066,0.18651831552359358
0.026506202918699148,26.50620291869915,0.1899800980854154
0.02658604087929764,26.58604087929764,0.19348035566491129
0.026665878839896132,26.66587883989613,0.1970326886144715
0.02674571680049462,26.74571680049462,0.20065302960002013
0.026825554761093114,26.825554761093112,0.20435982301959152
0.026905392721691606,26.905392721691605,0.20817417849983133
0.0269852306822901,26.985230682290098,0.21211998734507687
0.027065068642888587,27.065068642888587,0.2162239895259285
0.02714490660348708,27.14490660348708,0.22051577771422687
0.027224744564085572,27.224744564085572,0.22502772409633337
0.02730458252468406,27.30458252468406,0.22979481532953058
0.027384420485282553,27.384420485282554,0.2348543811529519
0.027464258445881046,27.464258445881047,0.2402457029272886
0.027544096406479538,27.54409640647954,0.24600948984919685
0.027623934367078027,27.62393436707803,0.25218721284374984
0.02770377232767652,27.703772327676518,0.25882028923380246
0.027783610288275012,27.78361028827501,0.26594911523991477
0.027863448248873504,27.863448248873503,0.2736119481608561
0.027943286209471993,27.943286209471992,0.28184364566055997
0.028023124170070485,28.023124170070485,0.29067427583079114
0.028102962130668978,28.102962130668978,0.30012761844628894
0.028182800091267467,28.182800091267467,0.3102195848650827
0.02826263805186596,28.26263805186596,0.32095659108698643
0.02834247601246445,28.342476012464452,0.3323339252616451
0.028422313973062944,28.422313973062945,0.3443341570950759
0.028502151933661433,28.502151933661434,0.3569256417832973
0.028581989894259925,28.581989894259927,0.3700611749428907
0.028661827854858418,28.661827854858416,0.38367685716787564
0.028741665815456906,28.741665815456905,0.3976912270123376
0.0288215037760554,28.821503776055398,0.412004719129552
0.02890134173665389,28.90134173665389,0.42649949981842683
0.028981179697252384,28.981179697252383,0.4410397252605889
0.029061017657850872,29.061017657850872,0.4554722583101622
0.029140855618449365,29.140855618449365,0.46962786797746253
0.029220693579047857,29.220693579047857,0.4833229220059628
0.029300531539646346,29.300531539646347,0.49636156757932287
0.02938036950024484,29.38036950024484,0.508538378724721
0.02946020746084333,29.460207460843332,0.5196414320079457
0.029540045421441823,29.540045421441825,0.5294557553239048
0.029619883382040312,29.619883382040314,0.5377670786950269
0.029699721342638805,29.699721342638803,0.5443658017281297
0.029779559303237297,29.779559303237296,0.5490510804479952
0.02985939726383579,29.85939726383579,0.5516349272559341
0.029939235224434278,29.939235224434277,0.5519462122838416
0.03001907318503277,30.01907318503277,0.5498344528235379
0.030098911145631263,30.098911145631263,0.5451732800391513
0.030178749106229752,30.178749106229752,0.5378634788687018
0.030258587066828244,30.258587066828245,0.5278355077508735
0.030338425027426737,30.338425027426737,0.5150514192451692
0.03041826298802523,30.41826298802523,0.49950612024086294
0.030498100948623718,30.49810094862372,0.48122793060746305
0.03057793890922221,30.577938909222212,0.4602784210346022
0.030657776869820703,30.657776869820704,0.4367515335608191
0.03073761483041919,30.73761483041919,0.41077201097108873
0.030817452791017684,30.817452791017683,0.3824931829239689
0.030897290751616176,30.897290751616175,0.3520941764694082
0.03097712871221467,30.977128712214668,0.31977663574484366
0.031056966672813158,31.056966672813157,0.2857610494270178
0.03113680463341165,31.13680463341165,0.2502827944649479
0.031216642594010142,31.216642594010143,0.2135880104041953
0.03129648055460863,31.29648055460863,0.175929420105055
0.03137631851520713,31.376318515207128,0.13756220992514914
0.031456156475805616,31.456156475805617,0.09874007573404972
0.031535994436404105,31.535994436404106,0.05971153087522215
0.0316158323970026,31.615832397002603,0.02071655895188598
0.03169567035760109,31.695670357601088,-0.018016321241858407
0.03177550831819958,31.775508318199577,-0.05627252845425664
0.031855346278798075,31.855346278798073,-0.09385339711841988
0.031935184239396563,31.935184239396563,-0.13057764662590915
0.03201502219999506,32.01502219999506,-0.16628234475160372
0.03209486016059355,32.09486016059355,-0.20082338422775134
0.03217469812119204,32.17469812119204,-0.23407550557992832
0.03225453608179053,32.25453608179053,-0.26593191116810916
0.03233437404238902,32.33437404238902,-0.2963035246319099
0.03241421200298751,32.41421200298751,-0.32511795646414154
0.03249404996358601,32.49404996358601,-0.3523182402053823
0.032573887924184496,32.5738879241845,-0.3778614048594932
0.032653725884782984,32.653725884782986,-0.40171694777518163
0.03273356384538148,32.73356384538148,-0.4238652687074412
0.03281340180597997,32.81340180597997,-0.4442961204138867
0.03289323976657846,32.89323976657846,-0.4630071243453352
0.032973077727176954,32.97307772717696,-0.4800023921666357
0.03305291568777544,33.052915687775446,-0.49529128540042044
0.03313275364837394,33.13275364837394,-0.5088873368110601
0.03321259160897243,33.212591608972424,-0.5208073485910083
0.03329242956957092,33.29242956957091,-0.5310706742841222
0.03337226753016941,33.37226753016941,-0.5396986839329343
0.0334521054907679,33.4521054907679,-0.5467144053640786
0.03353194345136639,33.53194345136639,-0.5521423289658993
0.033611781411964886,33.611781411964884,-0.5560083588443708
0.033691619372563375,33.69161937256337,-0.5583398898983917
0.033771457333161864,33.77145733316186,-0.559165988117287
0.03385129529376036,33.85129529376036,-0.5585176502187496
0.03393113325435885,33.93113325435885,-0.5564281185312266
0.034010971214957345,34.010971214957344,-0.5529332276752443
0.03409080917555583,34.09080917555583,-0.5480717609922964
0.03417064713615432,34.17064713615432,-0.5418857966778474
0.03425048509675282,34.25048509675282,-0.5344210260628801
0.03433032305735131,34.33032305735131,-0.5257270293230935
0.034410161017949796,34.4101610179498,-0.5158574969467122
0.03448999897854829,34.48999897854829,-0.5048703884368784
0.03456983693914678,34.56983693914678,-0.4928280228464267
0.03464967489974527,34.64967489974527,-0.4797970987331562
0.034729512860343766,34.72951286034377,-0.4658486438834088
0.034809350820942254,34.80935082094226,-0.45105789759181364
0.03488918878154074,34.889188781540746,-0.4355041303271857
0.03496902674213924,34.96902674213924,-0.41927040719286257
0.03504886470273773,35.04886470273773,-0.4024433026528648
0.035128702663336224,35.12870266333623,-0.3851125745077869
0.03520854062393471,35.20854062393471,-0.3673708050504332
0.0352883785845332,35.2883785845332,-0.34931301671644555
0.0353682165451317,35.368216545131695,-0.33103626840014017
0.03544805450573019,35.448054505730184,-0.3126392369865458
0.035527892466328675,35.52789246632867,-0.2942217866422088
0.03560773042692717,35.60773042692717,-0.2758845261216206
0.03568756838752566,35.68756838752566,-0.25772835192131505
0.03576740634812415,35.76740634812415,-0.23985397271134726
0.035847244308722645,35.847244308722644,-0.2223614082718406
0.035927082269321134,35.92708226932113,-0.2053494543489612
0.03600692022991963,36.00692022991963,-0.18891510360839928
0.03608675819051812,36.08675819051812,-0.17315291238224975
0.03616659615111661,36.16659615111661,-0.15815430333207833
0.0362464341117151,36.246434111715104,-0.1440067956048801
0.03632627207231359,36.32627207231359,-0.13079315661044613
0.03640611003291208,36.40611003291208,-0.11859047320982331
0.03648594799351058,36.48594799351058,-0.10746914481853734
0.036565785954109066,36.56578595410907,-0.097491806565611
0.036645623914707555,36.645623914707556,-0.08871219700535772
0.03672546187530605,36.72546187530605,-0.08117399167754674
0.03680529983590454,36.80529983590454,-0.07490963071240132
0.03688513779650303,36.88513779650303,-0.0699391752904444
0.036964975757101524,36.96497575710153,-0.066269233670035
0.03704481371770001,37.044813717700016,-0.06389200225531447
0.03712465167829851,37.12465167829851,-0.06278447037565402
0.037204489638897,37.204489638897,-0.06290783870843522
0.03728432759949549,37.284327599495484,-0.06420720029160197
0.03736416556009398,37.36416556009398,-0.06661152962680979
0.03744400352069247,37.44400352069247,-0.07003401936804837
0.03752384148129096,37.52384148129096,-0.07437279555601158
0.03760367944188946,37.603679441889454,-0.07951203146686614
0.037683517402487945,37.683517402487944,-0.08532346720984153
0.037763355363086434,37.76335536308643,-0.09166832767981674
0.03784319332368493,37.84319332368493,-0.09839961591720679
0.03792303128428342,37.92303128428342,-0.10536474301171103
0.038002869244881915,38.002869244881914,-0.1124084401370947
0.038082707205480404,38.0827072054804,-0.11937588387663062
0.03816254516607889,38.16254516607889,-0.12611595343745888
0.03824238312667739,38.24238312667739,-0.1324845283468935
0.03832222108727588,38.32222108727588,-0.1383477283712913
0.038402059047874366,38.40205904787437,-0.14358499416713172
0.03848189700847286,38.48189700847286,-0.14809190787231294
0.03856173496907135,38.56173496907135,-0.15178265760241177
0.03864157292966984,38.64157292966984,-0.15459205856752495
0.038721410890268336,38.72141089026834,-0.15647705601316145
0.038801248850866825,38.80124885086683,-0.15741765097213758
0.038881086811465314,38.881086811465316,-0.15741720828828912
0.03896092477206381,38.96092477206381,-0.15650212679704392
0.0390407627326623,39.0407627326623,-0.15472087308383184
0.039120600693260794,39.1206006932608,-0.15214240199455173
0.03920043865385928,39.20043865385929,-0.14885400813563432
0.03928027661445777,39.28027661445777,-0.14495867210221486
0.03936011457505627,39.360114575056265,-0.14057198231338341
0.03943995253565476,39.439952535654754,-0.13581872742993897
0.039519790496253246,39.51979049625324,-0.13082926484331964
0.03959962845685174,39.59962845685174,-0.1257357772821389
0.03967946641745023,39.67946641745023,-0.12066853199425606
0.03975930437804872,39.75930437804872,-0.11575225521984364
0.039839142338647215,39.839142338647214,-0.11110272894651722
0.039918980299245704,39.9189802992457,-0.10682370756556915
0.0399988182598442,39.9988182598442,-0.10300423950541282
0.04007865622044269,40.07865622044269,-0.09971646379426771
0.04015849418104118,40.15849418104118,-0.09701393446901431
0.040238332141639674,40.238332141639674,-0.09493050751888499
0.04031817010223816,40.31817010223816,-0.09347980636008518
0.04039800806283665,40.39800806283665,-0.0926552633890906
0.04047784602343515,40.47784602343515,-0.09243071761632354
0.040557683984033636,40.55768398403364,-0.09276153232045482
0.040637521944632125,40.63752194463213,-0.09358618257368252
0.04071735990523062,40.71735990523062,-0.09482825074856482
0.04079719786582911,40.79719786582911,-0.09639875898860045
0.0408770358264276,40.8770358264276,-0.09819876125235956
0.040956873787026095,40.9568737870261,-0.10012211395376441
0.041036711747624584,41.03671174762459,-0.10205834334448169
0.04111654970822308,41.11654970822308,-0.10389552944960971
0.04119638766882157,41.19638766882157,-0.10552313032998292
0.04127622562942006,41.276225629420054,-0.10683467639731654
0.04135606359001855,41.35606359001855,-0.10773027210401093
0.04143590155061704,41.43590155061704,-0.10811885119483461
0.04151573951121553,41.51573951121553,-0.10792014146165371
0.04159557747181403,41.595577471814025,-0.10706630521135421
0.041675415432412516,41.675415432412514,-0.10550323208668803
0.041755253393011005,41.755253393011,-0.10319147114751286
0.0418350913536095,41.8350913536095,-0.10010679894019531
0.04191492931420799,41.91492931420799,-0.09624042941666935
0.041994767274806485,41.994767274806485,-0.09159887981692744
0.042074605235404974,42.074605235404974,-0.08620351385570618
0.04215444319600346,42.15444319600346,-0.08008978965611796
0.04223428115660196,42.23428115660196,-0.0733062447961681
0.04231411911720045,42.31411911720045,-0.06591325456415731
0.04239395707779894,42.39395707779894,-0.05798160207712573
0.04247379503839743,42.473795038397434,-0.04959090035395904
0.04255363299899592,42.55363299899592,-0.040827906827822134
0.04263347095959441,42.63347095959441,-0.03178477022559465
0.042713308920192906,42.71330892019291,-0.022557248343806346
0.042793146880791395,42.7931468807914,-0.013242933128307283
0.04287298484138989,42.87298484138989,-0.003939516740265773
0.04295282280198838,42.95282280198838,0.005256870914328189
0.04303266076258687,43.03266076258687,0.014253226281024035
0.043112498723185365,43.11249872318537,0.02296111478309116
0.043192336683783854,43.19233668378386,0.031297972837496836
0.04327217464438234,43.27217464438234,0.039188254121614585
0.04335201260498084,43.352012604980835,0.04656440891022458
0.04343185056557933,43.431850565579325,0.05336768914295593
0.043511688526177816,43.511688526177814,0.05954877553942801
0.04359152648677631,43.59152648677631,0.06506822649940075
0.0436713644473748,43.6713644473748,0.06989675166434028
0.04375120240797329,43.75120240797329,0.07401531584222487
0.043831040368571786,43.831040368571784,0.07741508148560036
0.043910878329170275,43.910878329170274,0.08009720004904645
0.04399071628976877,43.99071628976877,0.08207246433018942
0.04407055425036726,44.07055425036726,0.08336083531892205
0.04415039221096575,44.15039221096575,0.08399085814990466
0.044230230171564244,44.230230171564244,0.0839989824869472
0.04431006813216273,44.31006813216273,0.08342880308180375
0.04438990609276122,44.38990609276122,0.08233023636688848
0.04446974405335972,44.46974405335972,0.08075864878542965
0.04454958201395821,44.54958201395821,0.0787739521619293
0.044629419974556696,44.6294199745567,0.07643968079925621
0.04470925793515519,44.70925793515519,0.07382206418660564
0.04478909589575368,44.78909589575368,0.07098910824580992
0.044868933856352176,44.86893385635218,0.06800969696244176
0.044948771816950665,44.94877181695067,0.06495272507310931
0.045028609777549154,45.02860977754916,0.0618862712397286
0.04510844773814765,45.10844773814765,0.05887681986319206
0.04518828569874614,45.18828569874614,0.05598853839780603
0.04526812365934463,45.268123659344624,0.053282615747446915
0.045347961619943124,45.34796161994312,0.05081666607569975
0.04542779958054161,45.42779958054161,0.04864420116327352
0.0455076375411401,45.5076375411401,0.04681417331238603
0.0455874755017386,45.587475501738595,0.04537058974238712
0.045667313462337086,45.667313462337084,0.044352198453759276
0.045747151422935575,45.74715142293557,0.043792244665793255
0.04582698938353407,45.82698938353407,0.0437182961619342
0.04590682734413256,45.90682734413256,0.044152135207670085
0.045986665304731056,45.986665304731055,0.045109714139171794
0.046066503265329545,46.066503265329544,0.046601171254692125
0.046146341225928034,46.14634122592803,0.04863090327046297
0.04622617918652653,46.22617918652653,0.0511976903238211
0.04630601714712502,46.30601714712502,0.05429486931069278
0.04638585510772351,46.38585510772351,0.057910551225677336
0.046465693068322,46.465693068322004,0.06202787812105139
0.04654553102892049,46.54553102892049,0.06662531530807878
0.04662536898951898,46.62536898951898,0.07167697448016565
0.04670520695011748,46.70520695011748,0.07715296353368861
0.046785044910715966,46.78504491071597,0.0830197589899603
0.04686488287131446,46.864882871314464,0.08924059707237386
0.04694472083191295,46.94472083191295,0.0957758796582087
0.04702455879251144,47.02455879251144,0.10258359149859796
0.047104396753109935,47.10439675310994,0.1096197252760285
0.047184234713708424,47.18423471370843,0.11683871124184848
0.04726407267430691,47.26407267430692,0.12419384834252777
0.04734391063490541,47.343910634905406,0.1316377338997217
0.0474237485955039,47.423748595503895,0.1391226890538331
0.04750358655610239,47.503586556102384,0.14660117731264793
0.04758342451670088,47.58342451670088,0.15402621366579078
0.04766326247729937,47.66326247729937,0.16135176183321867
0.04774310043789786,47.74310043789786,0.16853311731297188
0.047822938398496356,47.822938398496355,0.17552727398262838
0.047902776359094845,47.902776359094844,0.18229327209262156
0.04798261431969334,47.98261431969334,0.1887925255710827
0.04806245228029183,48.06245228029183,0.19498912664259097
0.04814229024089032,48.14229024089032,0.20085012585002976
0.048222128201488815,48.222128201488815,0.20634578566377354
0.048301966162087304,48.301966162087304,0.21144980596791543
0.04838180412268579,48.38180412268579,0.2161395198330563
0.04846164208328429,48.46164208328429,0.22039605812081478
0.04854148004388278,48.54148004388278,0.22420448161969458
0.048621318004481266,48.62131800448127,0.2275538795860143
0.04870115596507976,48.701155965079764,0.23043743375842765
0.04878099392567825,48.78099392567825,0.2328524471305765
0.04886083188627675,48.86083188627675,0.23480033700297973
0.048940669846875236,48.94066984687524,0.23628659209143504
0.049020507807473725,49.02050780747373,0.23732069374331732
0.04910034576807222,49.10034576807222,0.23791600160301996
0.04918018372867071,49.18018372867071,0.23808960437039725
0.0492600216892692,49.2600216892692,0.2378621366081316
0.049339859649867694,49.33985964986769,0.23725756287189287
0.04941969761046618,49.41969761046618,0.2363029307565807
0.04949953557106467,49.49953557106467,0.23502809476859915
0.04957937353166317,49.579373531663165,0.23346541324352818
0.04965921149226166,49.659211492261655,0.23164942082576598
0.049739049452860146,49.739049452860144,0.22961647930757173
0.04981888741345864,49.81888741345864,0.22740440988437216
0.04989872537405713,49.89872537405713,0.22505211011738957
0.049978563334655626,49.978563334655625,0.22259915909895683
0.050058401295254115,50.058401295254114,0.2200854144873902
0.050138239255852604,50.1382392558526,0.21755060521281208
0.0502180772164511,50.2180772164511,0.21503392375093233
0.05029791517704959,50.29791517704959,0.2125736219156985
0.05037775313764808,50.37775313764808,0.21020661413253228
0.050457591098246574,50.457591098246574,0.20796809212049955
0.05053742905884506,50.53742905884506,0.20589115483387016
0.05061726701944355,50.61726701944355,0.2040064573912901
0.05069710498004205,50.69710498004205,0.2023418825551596
0.050776942940640536,50.77694294064054,0.20092223811638857
0.05085678090123903,50.856780901239034,0.19976898329251566
0.05093661886183752,50.93661886183752,0.19889998696289682
0.05101645682243601,51.01645682243601,0.19832932024680777
0.051096294783034506,51.09629478303451,0.19806708558209593
0.051176132743632995,51.176132743633,0.19811928408817453
0.051255970704231484,51.25597070423149,0.19848772260163758
0.05133580866482998,51.335808664829976,0.1991699613606359
0.05141564662542847,51.415646625428465,0.20015930289048833
0.05149548458602696,51.495484586026954,0.2014448222127461
0.05157532254662545,51.57532254662545,0.20301143806830732
0.05165516050722394,51.65516050722394,0.20484002441777693
0.05173499846782244,51.734998467822436,0.206907561063705
0.05181483642842093,51.814836428420925,0.20918732183520047
0.051894674389019416,51.894674389019414,0.21164909839007054
0.05197451234961791,51.97451234961791,0.21425945732792281
0.0520543503102164,52.0543503102164,0.2169820279737913
0.05213418827081489,52.13418827081489,0.21977781788936995
0.052214026231413385,52.214026231413385,0.22260555290190567
0.052293864192011874,52.293864192011874,0.22542203821141918
0.05237370215261036,52.37370215261036,0.22818253694832885
0.05245354011320886,52.45354011320886,0.23084116240730893
0.05253337807380735,52.53337807380735,0.23335128008081765
0.05261321603440584,52.61321603440584,0.23566591555814617
0.05269305399500433,52.693053995004334,0.23773816434319392
0.05277289195560282,52.77289195560282,0.23952159967626668
0.05285272991620132,52.85272991620132,0.24097067452120474
0.052932567876799806,52.93256787679981,0.242041113997672
0.053012405837398295,53.0124058373983,0.24269029469767645
0.05309224379799679,53.092243797996794,0.24287760752270152
0.05317208175859528,53.17208175859528,0.24256480091076735
0.05325191971919377,53.25191971919377,0.24171630158757648
0.053331757679792265,53.33175767979226,0.24029951026938717
0.053411595640390754,53.41159564039075,0.2382850700630008
0.05349143360098924,53.49143360098924,0.23564710564628
0.05357127156158774,53.571271561587736,0.23236343166607365
0.05365110952218623,53.651109522186225,0.22841572915498365
0.05373094748278472,53.73094748278472,0.22378968913870817
0.05381078544338321,53.81078544338321,0.21847512297730853
0.0538906234039817,53.8906234039817,0.21246603935138508
0.0539704613645802,53.970461364580196,0.20576068816320014
0.054050299325178686,54.050299325178685,0.19836157196831172
0.054130137285777175,54.130137285777174,0.1902754258809445
0.05420997524637567,54.20997524637567,0.181513167201646
0.05428981320697416,54.28981320697416,0.17208981629474948
0.05436965116757265,54.36965116757265,0.1620243904926092
0.054449489128171144,54.449489128171145,0.15133977301955476
0.05452932708876963,54.529327088769634,0.14006255910911913
0.05460916504936812,54.60916504936812,0.12822288163066436
0.05468900300996662,54.68900300996662,0.11585421864473366
0.05476884097056511,54.76884097056511,0.1029931853691921
0.0548486789311636,54.848678931163604,0.08967931306042037
0.05492851689176209,54.928516891762094,0.07595481729535175
0.05500835485236058,55.00835485236058,0.06186435808286025
0.055088192812959076,55.08819281295908,0.04745479413764795
0.055168030773557565,55.16803077355757,0.03277493351955694
0.055247868734156054,55.24786873415606,0.017875282678738322
0.05532770669475455,55.327706694754546,0.0028077957561433832
0.05540754465535304,55.407544655353036,-0.012374374226403344
0.05548738261595153,55.487382615951525,-0.027617120886964306
0.055567220576550024,55.56722057655002,-0.04286562556459637
0.05564705853714851,55.64705853714851,-0.05806459306799888
0.05572689649774701,55.726896497747006,-0.0731584814596752
0.0558067344583455,55.806734458345495,-0.08809172550112351
0.055886572418943986,55.886572418943985,-0.10280895363309026
0.05596641037954248,55.96641037954248,-0.11725519859827543
0.05604624834014097,56.04624834014097,-0.1313761020261109
0.05612608630073946,56.12608630073946,-0.14511811348509873
0.056205924261337956,56.205924261337955,-0.15842868466223858
0.056285762221936445,56.285762221936444,-0.1712564594468765
0.05636560018253493,56.36560018253493,-0.1835514607738531
0.05644543814313343,56.44543814313343,-0.1952652751147666
0.05652527610373192,56.52527610373192,-0.2063512354943873
0.05660511406433041,56.60511406433041,-0.21676460385015123
0.0566849520249289,56.684952024928904,-0.22646275344556585
0.05676478998552739,56.76478998552739,-0.2354053518946552
0.05684462794612589,56.84462794612589,-0.24355454515513172
0.05692446590672438,56.92446590672438,-0.2508751426066058
0.057004303867322866,57.00430386732287,-0.25733480305051804
0.05708414182792136,57.084141827921364,-0.26290422115639095
0.05716397978851985,57.16397978851985,-0.2675573135410741
0.05724381774911834,57.24381774911834,-0.27127140331171246
0.057323655709716835,57.32365570971683,-0.274027401538886
0.057403493670315324,57.40349367031532,-0.2758099837636756
0.05748333163091381,57.48333163091381,-0.2766077592930351
0.05756316959151231,57.563169591512306,-0.2764134307143272
0.0576430075521108,57.643007552110795,-0.27522394077562956
0.057722845512709293,57.72284551270929,-0.27304060354667353
0.05780268347330778,57.80268347330778,-0.2698692166113524
0.05788252143390627,57.88252143390627,-0.26572015095917423
0.05796235939450477,57.962359394504766,-0.2606084152543563
0.058042197355103256,58.042197355103255,-0.25455369127869354
0.058122035315701745,58.122035315701744,-0.2475803375783266
0.05820187327630024,58.20187327630024,-0.23971735870206518
0.05828171123689873,58.28171123689873,-0.23099833790366103
0.05836154919749722,58.36154919749722,-0.22146133179130081
0.058441387158095714,58.441387158095715,-0.21114872613779287
0.0585212251186942,58.521225118694204,-0.20010705290194358
0.05860106307929269,58.60106307929269,-0.1883867694352491
0.05868090103989119,58.68090103989119,-0.17604200183059857
0.05876073900048968,58.76073900048968,-0.16313025537719572
0.05884057696108817,58.840576961088175,-0.149712096074957
0.05892041492168666,58.920414921686664,-0.13585080808468
0.05900025288228515,59.00025288228515,-0.12161203279354418
0.05908009084288365,59.08009084288365,-0.10706339580238702
0.059159928803482136,59.15992880348214,-0.092274128535954
0.059239766764080624,59.23976676408063,-0.07731469128593048
0.05931960472467912,59.319604724679124,-0.06225640427352493
0.05939944268527761,59.399442685277606,-0.04717109272803324
0.0594792806458761,59.479280645876095,-0.0321307510008503
0.059559118606474594,59.55911860647459,-0.017207229370484956
0.05963895656707308,59.63895656707308,-0.0024719454664776613
0.05971879452767158,59.71879452767158,0.012004379802651444
0.05979863248827007,59.798632488270066,0.026151964213330037
0.059878470448868557,59.878470448868555,0.03990218889431179
0.05995830840946705,59.95830840946705,0.05318781292944566
0.06003814637006554,60.03814637006554,0.06594318740163577
0.06011798433066403,60.11798433066403,0.0781044803435662
0.060197822291262526,60.197822291262526,0.08960992553168819
0.060277660251861015,60.277660251861015,0.10040010886924818
0.060357498212459504,60.357498212459504,0.11041830609289134
0.060437336173058,60.437336173058,0.11961088457251873
0.06051717413365649,60.51717413365649,0.12792777996144367
0.060597012094254984,60.597012094254985,0.13532305534907957
0.06067685005485347,60.676850054853475,0.14175554638823182
0.06075668801545196,60.756688015451964,0.14718959069748067
0.06083652597605046,60.83652597605046,0.15159583383334152
0.06091636393664895,60.91636393664895,0.15495209751529676
0.060996201897247436,60.99620189724744,0.15724428886594838
0.06107603985784593,61.076039857845934,0.15846732255190923
0.06115587781844442,61.155877818444424,0.15862602127571646
0.06123571577904291,61.23571577904291,0.15773595449467012
0.061315553739641405,61.31555373964141,0.15582417095127243
0.061395391700239894,61.39539170023989,0.15292977798721463
0.06147522966083838,61.47522966083838,0.1491043200251174
0.06155506762143688,61.555067621436876,0.1444119103075589
0.06163490558203537,61.634905582035366,0.13892907414959485
0.061714743542633864,61.71474354263386,0.13274426863787028
0.06179458150323235,61.79458150323235,0.12595705281111516
0.06187441946383084,61.87441946383084,0.1186768936596841
0.06195425742442934,61.954257424429336,0.11102160642278573
0.062034095385027826,62.034095385027825,0.10311544215140689
0.062113933345626315,62.113933345626315,0.09508685074301851
0.06219377130622481,62.19377130622481,0.08706596295895418
0.0622736092668233,62.2736092668233,0.0791818495751728
0.06235344722742179,62.35344722742179,0.07155962904814843
0.062433285188020285,62.433285188020285,0.06431750618409225
0.06251312314861877,62.513123148618774,0.05756383263553542
0.06259296110921726,62.59296110921726,0.05139428507527815
0.06267279906981575,62.67279906981575,0.0458892582147447
0.06275263703041425,62.752637030414256,0.04111156721173496
0.06283247499101274,62.832474991012745,0.03710454740432651
0.06291231295161123,62.912312951611234,0.033890628860605725
0.06299215091220972,62.99215091220972,0.03147044928381508
0.06307198887280821,63.07198887280821,0.029822551871947534
0.06315182683340671,63.151826833406716,0.028903695464027726
0.0632316647940052,63.231664794005205,0.02864978349714444
0.06331150275460369,63.311502754603694,0.028977396814125613
0.06339134071520218,63.391340715202176,0.02978589410466554
0.06347117867580067,63.471178675800665,0.03096002362878944
0.06355101663639916,63.551016636399154,0.032372971704033186
0.06363085459699766,63.63085459699766,0.03388975798750861
0.06371069255759615,63.71069255759615,0.035370875473675525
0.06379053051819464,63.790530518194636,0.03667606482344399
0.06387036847879313,63.870368478793125,0.03766810843122629
0.06395020643939162,63.950206439391614,0.03821652962916753
0.06403004439999012,64.03004439999012,0.038201086543159894
0.06410988236058861,64.10988236058861,0.03751495809982847
0.0641897203211871,64.1897203211871,0.036067531127776886
0.06426955828178559,64.26955828178559,0.03378671185836253
0.06434939624238407,64.34939624238407,0.030620701769466966
0.06442923420298256,64.42923420298256,0.0265391959216654
0.06450907216358107,64.50907216358107,0.02153398096914172
0.06458891012417955,64.58891012417955,0.015618929151175454
0.06466874808477804,64.66874808477804,0.00882940308195098
0.06474858604537653,64.74858604537653,0.0012211034189934925
0.06482842400597502,64.82842400597502,-0.00713159304681682
0.06490826196657351,64.9082619665735,-0.01613774412069683
0.06498809992717201,64.98809992717202,-0.02569233035425156
0.0650679378877705,65.0679378877705,-0.035679041365089766
0.06514777584836899,65.147775848369,-0.04597327609713595
0.06522761380896748,65.22761380896748,-0.05644527066854154
0.06530745176956597,65.30745176956597,-0.0669632680558341
0.06538728973016447,65.38728973016447,-0.07739664697570971
0.06546712769076296,65.46712769076296,-0.08761893266377595
0.06554696565136145,65.54696565136145,-0.09751061947197637
0.06562680361195994,65.62680361195994,-0.1069617439390567
0.06570664157255843,65.70664157255842,-0.11587415683812154
0.06578647953315692,65.78647953315692,-0.12416345328003679
0.06586631749375542,65.86631749375542,-0.13176053087206416
0.06594615545435391,65.94615545435391,-0.13861275684557847
0.0660259934149524,66.0259934149524,-0.14468473565889778
0.06610583137555089,66.10583137555089,-0.149958678578498
0.06618566933614937,66.18566933614937,-0.15443438591905634
0.06626550729674788,66.26550729674788,-0.15812886080450722
0.06634534525734637,66.34534525734637,-0.16107558037296069
0.06642518321794486,66.42518321794485,-0.16332345620938393
0.06650502117854334,66.50502117854334,-0.16493552041750556
0.06658485913914183,66.58485913914183,-0.16598737714106063
0.06666469709974032,66.66469709974032,-0.1665654615541269
0.06674453506033882,66.74453506033882,-0.16676514942769044
0.06682437302093731,66.82437302093732,-0.16668876043497302
0.0669042109815358,66.9042109815358,-0.16644349748784373
0.06698404894213429,66.9840489421343,-0.16613936271839305
0.06706388690273278,67.06388690273278,-0.1658870883573012
0.06714372486333128,67.14372486333129,-0.1657961178403195
0.06722356282392977,67.22356282392977,-0.1659726691191301
0.06730340078452826,67.30340078452826,-0.16651790848301126
0.06738323874512675,67.38323874512675,-0.16752625932394868
0.06746307670572524,67.46307670572524,-0.16908386630321312
0.06754291466632373,67.54291466632372,-0.1712672313933975
0.06762275262692223,67.62275262692224,-0.174142034357459
0.06770259058752072,67.70259058752072,-0.1777621464540328
0.06778242854811921,67.78242854811921,-0.18216884258385585
0.0678622665087177,67.8622665087177,-0.1873902137609985
0.06794210446931619,67.94210446931619,-0.19344077873988685
0.06802194242991469,68.02194242991469,-0.20032129087954056
0.06810178039051318,68.10178039051318,-0.20801873389522965
0.06818161835111167,68.18161835111167,-0.2165064980418432
0.06826145631171016,68.26145631171016,-0.2257447264916385
0.06834129427230864,68.34129427230864,-0.23568082020476339
0.06842113223290713,68.42113223290713,-0.24625008843075838
0.06850097019350564,68.50097019350564,-0.2573765311057944
0.06858080815410413,68.58080815410412,-0.26897373880245534
0.06866064611470261,68.66064611470262,-0.2809458955223923
0.0687404840753011,68.7404840753011,-0.29318886947143896
0.06882032203589959,68.8203220358996,-0.30559137699436084
0.06890015999649808,68.90015999649808,-0.31803620504556773
0.06897999795709658,68.97999795709659,-0.3304014779050586
0.06905983591769507,69.05983591769507,-0.3425619542900264
0.06913967387829356,69.13967387829356,-0.3543903415369724
0.06921951183889205,69.21951183889205,-0.36575861411432536
0.06929934979949054,69.29934979949054,-0.3765393243512086
0.06937918776008904,69.37918776008904,-0.38660689391641245
0.06945902572068753,69.45902572068753,-0.3958388752387229
0.06953886368128602,69.53886368128602,-0.4041171727140267
0.06961870164188451,69.61870164188451,-0.4113292141880567
0.069698539602483,69.698539602483,-0.41736906383238537
0.06977837756308149,69.77837756308149,-0.4221384681436164
0.06985821552367999,69.85821552367999,-0.42554782739421987
0.06993805348427848,69.93805348427848,-0.4275170854533283
0.07001789144487697,70.01789144487697,-0.4279765314850524
0.07009772940547546,70.09772940547546,-0.42686750763074455
0.07017756736607395,70.17756736607394,-0.4241430174018665
0.07025740532667245,70.25740532667245,-0.4197682301657696
0.07033724328727094,70.33724328727094,-0.4137208778098026
0.07041708124786943,70.41708124786942,-0.4059915404337345
0.07049691920846791,70.49691920846792,-0.3965838187571924
0.0705767571690664,70.5767571690664,-0.38551439184599484
0.07065659512966489,70.6565951296649,-0.3728129597641715
0.0707364330902634,70.73643309026339,-0.35852207184653456
0.07081627105086188,70.81627105086189,-0.3426968424536486
0.07089610901146037,70.89610901146037,-0.3254045573046474
0.07097594697205886,70.97594697205886,-0.3067241747624013
0.07105578493265735,71.05578493265735,-0.28674572774218543
0.07113562289325585,71.13562289325586,-0.26556963319361876
0.07121546085385434,71.21546085385434,-0.2433059173225816
0.07129529881445283,71.29529881445283,-0.220073365826736
0.07137513677505132,71.37513677505132,-0.1959986093620198
0.07145497473564981,71.45497473564981,-0.1712151551833112
0.0715348126962483,71.5348126962483,-0.14586237635739152
0.0716146506568468,71.6146506568468,-0.12008447008226125
0.07169448861744529,71.69448861744529,-0.0940293964246741
0.07177432657804378,71.77432657804378,-0.0678478081818672
0.07185416453864227,71.85416453864227,-0.04169198157521561
0.07193400249924076,71.93400249924076,-0.015714756106023048
0.07201384045983926,72.01384045983926,0.009931509816696282
0.07209367842043775,72.09367842043775,0.03509596286642013
0.07217351638103624,72.17351638103624,0.05963025598752329
0.07225335434163473,72.25335434163473,0.08338952662745629
0.07233319230223322,72.33319230223321,0.10623335406187763
0.0724130302628317,72.41303026283171,0.12802669984919596
0.0724928682234302,72.49286822343021,0.1486408370586462
0.0725727061840287,72.57270618402869,0.167954274978612
0.07265254414462718,72.65254414462719,0.18585368637558428
0.07273238210522567,72.73238210522567,0.20223484390577962
0.07281222006582416,72.81222006582416,0.2170035708823775
0.07289205802642267,72.89205802642266,0.2300767092174584
0.07297189598702115,72.97189598702116,0.24138310399202256
0.07305173394761964,73.05173394761964,0.25086459982480397
0.07313157190821813,73.13157190821813,0.25847703914574677
0.07321140986881662,73.21140986881662,0.2641912468364656
0.07329124782941511,73.29124782941511,0.2679939797469832
0.07337108579001361,73.37108579001361,0.2698888136625298
0.0734509237506121,73.4509237506121,0.2698969347471499
0.07353076171121059,73.53076171121059,0.2680577977296371
0.07361059967180908,73.61059967180908,0.2644296095242507
0.07369043763240757,73.69043763240757,0.25908959497680606
0.07377027559300606,73.77027559300606,0.25213400133410635
0.07385011355360456,73.85011355360456,0.24367780011887402
0.07392995151420305,73.92995151420305,0.23385404952705516
0.07400978947480154,74.00978947480154,0.22281288730981347
0.07408962743540003,74.08962743540003,0.21072013329051414
0.07416946539599852,74.16946539599851,0.19775549199391287
0.07424930335659702,74.24930335659703,0.18411035899039058
0.07432914131719551,74.3291413171955,0.16998524901632467
0.074408979277794,74.408979277794,0.1555868791438346
0.07448881723839249,74.48881723839249,0.14112495557689822
0.07456865519899097,74.56865519899097,0.12680872732715096
0.07464849315958946,74.64849315958946,0.11284338333615355
0.07472833112018797,74.72833112018796,0.09942638084702836
0.07480816908078645,74.80816908078646,0.08674380133468708
0.07488800704138494,74.88800704138494,0.07496683552845052
0.07496784500198343,74.96784500198343,0.0642485005868987
0.07504768296258192,75.04768296258192,0.054720690057827086
0.07512752092318042,75.12752092318043,0.04649165080425199
0.07520735888377891,75.20735888377891,0.039643970719792566
0.0752871968443774,75.2871968443774,0.03423314710443354
0.07536703480497589,75.36703480497589,0.030286788513305785
0.07544687276557438,75.44687276557438,0.02780448337389523
0.07552671072617287,75.52671072617287,0.02675834746350348
0.07560654868677137,75.60654868677138,0.027094240310743145
0.07568638664736986,75.68638664736986,0.028733618638662976
0.07576622460796835,75.76622460796835,0.03157597401053185
0.07584606256856684,75.84606256856684,0.035501782734966535
0.07592590052916533,75.92590052916533,0.04037587961073046
0.07600573848976383,76.00573848976383,0.046051153895655644
0.07608557645036232,76.08557645036232,0.052372456467697934
0.07616541441096081,76.1654144109608,0.05918060183381622
0.0762452523715593,76.2452523715593,0.06631634757348417
0.07632509033215779,76.32509033215779,0.07362423692991217
0.07640492829275627,76.40492829275628,0.08095619735664274
0.07648476625335478,76.48476625335478,0.08817479850151977
0.07656460421395327,76.56460421395326,0.09515608683725256
0.07664444217455176,76.64444217455176,0.1017919302943731
0.07672428013515024,76.72428013515024,0.10799182411069846
0.07680411809574873,76.80411809574873,0.11368412793647095
0.07688395605634724,76.88395605634723,0.11881672327852166
0.07696379401694572,76.96379401694573,0.12335709891312419
0.07704363197754421,77.04363197754421,0.1272918892905619
0.0771234699381427,77.1234699381427,0.1306259066233435
0.07720330789874119,77.20330789874119,0.13338072082855199
0.07728314585933968,77.28314585933968,0.13559285243330896
0.07736298381993818,77.36298381993818,0.13731165172366389
0.07744282178053667,77.44282178053668,0.13859694271734377
0.07752265974113516,77.52265974113516,0.13951651298224024
0.07760249770173365,77.60249770173365,0.14014353002486518
0.07768233566233214,77.68233566233214,0.1405539621474805
0.07776217362293063,77.76217362293063,0.1408240766066115
0.07784201158352913,77.84201158352913,0.14102808094215316
0.07792184954412762,77.92184954412762,0.141235964867672
0.07800168750472611,78.0016875047261,0.14151159051853893
0.0780815254653246,78.0815254653246,0.14191106854800842
0.07816136342592309,78.16136342592308,0.14248144693058987
0.07824120138652159,78.2412013865216,0.14325972873897294
0.07832103934712008,78.32103934712008,0.14427222492957387
0.07840087730771857,78.40087730771857,0.14553423858230807
0.07848071526831706,78.48071526831706,0.14705006832210724
0.07856055322891554,78.56055322891554,0.14881331098086226
0.07864039118951403,78.64039118951403,0.15080743706440697
0.07872022915011254,78.72022915011253,0.15300660734592852
0.07880006711071103,78.80006711071103,0.15537669494340697
0.07887990507130951,78.87990507130951,0.15787647454278872
0.078959743031908,78.959743031908,0.16045893895167257
0.07903958099250649,79.03958099250649,0.16307270283248804
0.079119418953105,79.119418953105,0.16566345416784284
0.07919925691370348,79.19925691370348,0.1681754156349124
0.07927909487430197,79.27909487430198,0.17055278047951483
0.07935893283490046,79.35893283490046,0.17274109054741488
0.07943877079549895,79.43877079549895,0.17468852771178056
0.07951860875609744,79.51860875609744,0.17634709389578504
0.07959844671669594,79.59844671669595,0.17767365909761365
0.07967828467729443,79.67828467729443,0.17863086116090648
0.07975812263789292,79.75812263789292,0.17918784538466342
0.07983796059849141,79.8379605984914,0.17932083633440893
0.0799177985590899,79.9177985590899,0.1790135383141089
0.0799976365196884,79.9976365196884,0.17825736481240897
0.08007747448028689,80.0774744802869,0.17705150078714896
0.08015731244088538,80.15731244088538,0.1754028048510819
0.08023715040148387,80.23715040148387,0.1733255612342708
0.08031698836208236,80.31698836208236,0.17084109380079826
0.08039682632268084,80.39682632268085,0.16797725637656896
0.08047666428327935,80.47666428327935,0.16476781519726014
0.08055650224387784,80.55650224387783,0.1612517404165432
0.08063634020447633,80.63634020447633,0.15747242433730466
0.08071617816507481,80.71617816507481,0.1534768443621755
0.0807960161256733,80.7960161256733,0.1493146886292628
0.0808758540862718,80.8758540862718,0.14503746193403008
0.0809556920468703,80.9556920468703,0.14069758887185252
0.08103553000746878,81.03553000746878,0.13634753020358478
0.08111536796806727,81.11536796806728,0.13203892728599967
0.08119520592866576,81.19520592866576,0.12782178805871797
0.08127504388926425,81.27504388926425,0.12374372657777787
0.08135488184986275,81.35488184986275,0.11984926647196206
0.08143471981046124,81.43471981046125,0.11617921700797719
0.08151455777105973,81.51455777105973,0.11277012872116644
0.08159439573165822,81.59439573165822,0.10965383383200233
0.08167423369225671,81.6742336922567,0.10685707495742197
0.0817540716528552,81.7540716528552,0.10440122396741341
0.0818339096134537,81.8339096134537,0.10230209125696553
0.08191374757405219,81.9137475740522,0.100569824223015
0.08199358553465068,81.99358553465068,0.09920889237404427
0.08207342349524917,82.07342349524917,0.0982181552712627
0.08215326145584766,82.15326145584766,0.09759100841646218
0.08223309941644616,82.23309941644617,0.09731560127063768
0.08231293737704465,82.31293737704465,0.09737512081385638
0.08239277533764314,82.39277533764314,0.09774813344236254
0.08247261329824163,82.47261329824163,0.09840897754216166
0.08255245125884011,82.55245125884011,0.09932819877486011
0.0826322892194386,82.6322892194386,0.10047301995520844
0.0827121271800371,82.7121271800371,0.10180783738187826
0.0827919651406356,82.7919651406356,0.10329473559270475
0.08287180310123408,82.87180310123408,0.10489401274178319
0.08295164106183257,82.95164106183258,0.1065647091245519
0.08303147902243106,83.03147902243106,0.1082651317952537
0.08311131698302957,83.11131698302957,0.10995336871443713
0.08319115494362805,83.19115494362805,0.11158778641795493
0.08327099290422654,83.27099290422655,0.1131275057991944
0.08335083086482503,83.35083086482503,0.11453285122924803
0.08343066882542352,83.43066882542352,0.1157657688920127
0.08351050678602201,83.510506786022,0.11679021087071476
0.08359034474662051,83.59034474662052,0.11757248217770012
0.083670182707219,83.670182707219,0.11808154856031687
0.08375002066781749,83.7500206678175,0.11828930353352132
0.08382985862841598,83.82985862841598,0.11817079367700617
0.08390969658901447,83.90969658901447,0.11770440178451094
0.08398953454961297,83.98953454961297,0.11687198796135821
0.08406937251021146,84.06937251021147,0.1156589892288516
0.08414921047080995,84.14921047080995,0.1140544786091934
0.08422904843140844,84.22904843140844,0.11205118503061397
0.08430888639200693,84.30888639200693,0.10964547570954651
0.08438872435260542,84.38872435260542,0.10683730293566335
0.08446856231320392,84.46856231320392,0.1036301174082462
0.08454840027380241,84.5484002738024,0.10003075045129795
0.0846282382344009,84.6282382344009,0.09604926757250018
0.08470807619499938,84.70807619499938,0.09169879593161318
0.08478791415559787,84.78791415559787,0.08699532835049265
0.08486775211619638,84.86775211619637,0.08195750653352972
0.08494759007679487,84.94759007679487,0.07660638617798105
0.08502742803739335,85.02742803739335,0.07096518664213118
0.08510726599799184,85.10726599799185,0.06505902780906277
0.08518710395859033,85.18710395859033,0.058914656738672924
0.08526694191918882,85.26694191918882,0.052560166643263774
0.08534677987978732,85.34677987978732,0.046024710655594867
0.08542661784038581,85.42661784038582,0.03933821278463107
0.0855064558009843,85.5064558009843,0.03253107837575011
0.08558629376158279,85.5862937615828,0.025633906309771328
0.08566613172218128,85.66613172218128,0.018677205090534423
0.08574596968277978,85.74596968277979,0.011691114883831275
0.08582580764337827,85.82580764337827,0.00470513748214547
0.08590564560397676,85.90564560397677,-0.002252123920586757
0.08598548356457525,85.98548356457525,-0.009153213352353645
0.08606532152517374,86.06532152517374,-0.015972057387599308
0.08614515948577223,86.14515948577223,-0.022684185574515767
0.08622499744637073,86.22499744637074,-0.029266934469344384
0.08630483540696922,86.30483540696922,-0.03569963388998606
0.08638467336756771,86.38467336756771,-0.04196377411516174
0.0864645113281662,86.4645113281662,-0.04804315287671476
0.08654434928876469,86.54434928876468,-0.053924001121104376
0.08662418724936317,86.62418724936317,-0.059595086653514234
0.08670402520996168,86.70402520996167,-0.06504779492345816
0.08678386317056017,86.78386317056017,-0.07027618636550129
0.08686370113115865,86.86370113115865,-0.07527702987166918
0.08694353909175714,86.94353909175715,-0.08004981214368904
0.08702337705235563,87.02337705235563,-0.08459672285209915
0.08710321501295414,87.10321501295414,-0.0889226157149948
0.08718305297355262,87.18305297355262,-0.0930349457999282
0.08726289093415111,87.26289093415112,-0.09694368354754862
0.0873427288947496,87.3427288947496,-0.10066120621227531
0.08742256685534809,87.4225668553481,-0.1042021676124433
0.08750240481594658,87.50240481594658,-0.10758334727736407
0.08758224277654508,87.58224277654509,-0.11082348026959193
0.08766208073714357,87.66208073714357,-0.11394306914468354
0.08774191869774206,87.74191869774207,-0.11696417968585597
0.08782175665834055,87.82175665834055,-0.11991022221441798
0.08790159461893904,87.90159461893904,-0.12280572042639262
0.08798143257953754,87.98143257953754,-0.12567606983923274
0.08806127054013603,88.06127054013604,-0.12854728804722612
0.08814110850073452,88.14110850073452,-0.13144575907899375
0.08822094646133301,88.22094646133301,-0.13439797422257205
0.0883007844219315,88.3007844219315,-0.13743027173227776
0.08838062238252999,88.38062238252999,-0.14056857785508003
0.08846046034312849,88.46046034312849,-0.14383815161181185
0.08854029830372698,88.54029830372697,-0.1472633357396652
0.08862013626432547,88.62013626432547,-0.15086731614661758
0.08869997422492396,88.69997422492395,-0.15467189214598856
0.08877981218552244,88.77981218552245,-0.15869725963052317
0.08885965014612095,88.85965014612094,-0.1629618092112907
0.08893948810671944,88.93948810671944,-0.16748194118819582
0.08901932606731792,89.01932606731792,-0.1722718990377292
0.08909916402791641,89.09916402791642,-0.17734362290169642
0.0891790019885149,89.1790019885149,-0.18270662433982646
0.08925883994911339,89.2588399491134,-0.1883678833724269
0.0893386779097119,89.33867790971189,-0.19433176858888868
0.08941851587031038,89.41851587031039,-0.20059998083677974
0.08949835383090887,89.49835383090887,-0.20717152073824738
0.08957819179150736,89.57819179150736,-0.2140426800077245
0.08965802975210585,89.65802975210585,-0.2212070562719977
0.08973786771270435,89.73786771270436,-0.2286555908232058
0.08981770567330284,89.81770567330284,-0.23637662847115104
0.08989754363390133,89.89754363390134,-0.24435599840685523
0.08997738159449982,89.97738159449982,-0.25257711474792016
0.09005721955509831,90.05721955509831,-0.26102109521144645
0.0901370575156968,90.1370575156968,-0.2696668961548554
0.0902168954762953,90.2168954762953,-0.278491462042484
0.09029673343689379,90.29673343689379,-0.2874698872382891
0.09037657139749228,90.37657139749228,-0.29657558789590754
0.09045640935809077,90.45640935809077,-0.3057804816177704
0.09053624731868926,90.53624731868925,-0.31505517248779863
0.09061608527928774,90.61608527928774,-0.32436913904812026
0.09069592323988625,90.69592323988624,-0.3336909227912336
0.09077576120048474,90.77576120048474,-0.3429883147746589
0.09085559916108323,90.85559916108322,-0.3522285380368858
0.09093543712168171,90.93543712168172,-0.36137842359980643
0.0910152750822802,91.0152750822802,-0.3704045779843469
0.0910951130428787,91.09511304287871,-0.37927354034037264
0.0911749510034772,91.17495100347719,-0.38795192749830715
0.09125478896407568,91.25478896407569,-0.3964065654854733
0.09133462692467417,91.33462692467417,-0.4046046063123703
0.09141446488527266,91.41446488527266,-0.4125136291200869
0.09149430284587115,91.49430284587115,-0.4201017250854899
0.09157414080646965,91.57414080646966,-0.427337565802267
0.09165397876706814,91.65397876706814,-0.434190455188229
0.09173381672766663,91.73381672766664,-0.4406303653081594
0.09181365468826512,91.81365468826512,-0.44662795684125517
0.09189349264886361,91.89349264886361,-0.4521545852573544
0.09197333060946211,91.97333060946211,-0.45718229409173644
0.0920531685700606,92.0531685700606,-0.461683797017346
0.09213300653065909,92.13300653065909,-0.4656324507010381
0.09221284449125758,92.21284449125758,-0.4690022206906572
0.09229268245185607,92.29268245185607,-0.47176764280665556
0.09237252041245456,92.37252041245456,-0.47390378270083355
0.09245235837305306,92.45235837305306,-0.47538619638952717
0.09253219633365155,92.53219633365154,-0.4761908946660968
0.09261203429425004,92.61203429425004,-0.476294314342332
0.09269187225484853,92.69187225484852,-0.47567329925818913
0.09277171021544701,92.77171021544702,-0.47430509393110887
0.09285154817604552,92.85154817604551,-0.47216735258818715
0.092931386136644,92.93138613664401,-0.46923816613591957
0.0930112240972425,93.01122409724249,-0.4654961093734814
0.09309106205784098,93.09106205784099,-0.46092031044735826
0.09317090001843947,93.17090001843947,-0.45549054418024665
0.09325073797903796,93.25073797903796,-0.4491873504885357
0.09333057593963646,93.33057593963646,-0.4419921786351786
0.09341041390023495,93.41041390023496,-0.43388755755382047
0.09349025186083344,93.49025186083344,-0.4248572919326827
0.09357008982143193,93.57008982143194,-0.41488668317040794
0.09364992778203042,93.64992778203042,-0.4039627737202899
0.09372976574262892,93.72976574262893,-0.3920746127339822
0.09380960370322741,93.80960370322741,-0.3792135403112893
0.0938894416638259,93.8894416638259,-0.3653734870719902
0.09396927962442439,93.96927962442439,-0.35055128520066425
0.09404911758502288,94.04911758502288,-0.3347469865897806
0.09412895554562137,94.12895554562137,-0.3179641832342181
0.09420879350621987,94.20879350621988,-0.30021032462573605
0.09428863146681836,94.28863146681836,-0.28149702657308134
0.09436846942741685,94.36846942741685,-0.26184036564692437
0.09444830738801534,94.44830738801534,-0.2412611533313857
0.09452814534861383,94.52814534861383,-0.21978518396871619
0.09460798330921233,94.60798330921233,-0.1974434507203244
0.09468782126981082,94.68782126981081,-0.1742723240450391
0.0947676592304093,94.76765923040931,-0.15031368761842298
0.0948474971910078,94.84749719100779,-0.1256150271871716
0.09492733515160628,94.92733515160629,-0.1002294685660803
0.09500717311220477,95.00717311220477,-0.07421576183312781
0.09508701107280328,95.08701107280328,-0.04763820974565707
0.09516684903340177,95.16684903340176,-0.020566539465865945
0.09524668699400025,95.24668699400026,0.006924282182532387
0.09532652495459874,95.32652495459874,0.03475428853748673
0.09540636291519723,95.40636291519723,0.06283880545550448
0.09548620087579572,95.48620087579572,0.09108879255608707
0.09556603883639422,95.56603883639423,0.11941122871766548
0.09564587679699271,95.64587679699271,0.1477095363630442
0.0957257147575912,95.7257147575912,0.17588403846496312
0.09580555271818969,95.80555271818969,0.20383244186366853
0.09588539067878818,95.88539067878818,0.23145034046131804
0.09596522863938668,95.96522863938668,0.25863173217552277
0.09604506659998517,96.04506659998518,0.2852695442125703
0.09612490456058366,96.12490456058366,0.31125616225907327
0.09620474252118215,96.20474252118215,0.33648396056492536
0.09628458048178064,96.28458048178064,0.3608458315526516
0.09636441844237913,96.36441844237913,0.38423571546486907
0.09644425640297763,96.44425640297763,0.4065491325536038
0.09652409436357612,96.52409436357613,0.42768372230011625
0.09660393232417461,96.60393232417461,0.4475397959898421
0.0966837702847731,96.68377028477309,0.46602091049880956
0.09676360824537159,96.76360824537159,0.4830344722138301
0.09684344620597009,96.84344620597008,0.4984923804524627
0.09692328416656858,96.92328416656858,0.5123117194272038
0.09700312212716707,97.00312212716706,0.52441550659589
0.09708296008776555,97.08296008776556,0.5347335030791536
0.09716279804836404,97.16279804836404,0.5432030886764444
0.09724263600896253,97.24263600896253,0.549770199904642
0.09732247396956104,97.32247396956103,0.5543903245108911
0.09740231193015952,97.40231193015953,0.5570295402366644
0.09748214989075801,97.48214989075801,0.5576655794626023
0.0975619878513565,97.5619878513565,0.5562888950346444
0.09764182581195499,97.64182581195499,0.5529036964049481
0.0977216637725535,97.7216637725535,0.5475289195968178
0.09780150173315198,97.80150173315198,0.540199089819391
0.09788133969375047,97.88133969375048,0.5309650322106491
0.09796117765434896,97.96117765434896,0.5198943845415718
0.09804101561494745,98.04101561494745,0.5070718660823201
0.09812085357554594,98.12085357554594,0.49259925944656846
0.09820069153614444,98.20069153614445,0.4765950672250527
0.09828052949674293,98.28052949674293,0.4591938126092291
0.09836036745734142,98.36036745734143,0.44054496287457257
0.09844020541793991,98.44020541793991,0.4208114662905857
0.0985200433785384,98.5200433785384,0.40016790636834987
0.0985998813391369,98.5998813391369,0.3787982918435301
0.09867971929973539,98.67971929973538,0.3568935158195861
0.09875955726033388,98.75955726033388,0.33464853238464004
0.09883939522093237,98.83939522093236,0.31225931304782295
0.09891923318153086,98.91923318153086,0.28991965779490814
0.09899907114212934,98.99907114212934,0.2678179457536681
0.09907890910272785,99.07890910272785,0.24613391777770846
0.09915874706332634,99.15874706332633,0.2250355872070669
0.09923858502392482,99.23858502392483,0.20467637529359453
0.09931842298452331,99.31842298452331,0.1851925641070224
0.0993982609451218,99.3982609451218,0.16670115216712963
0.09947809890572029,99.47809890572029,0.1492981867719602
0.0995579368663188,99.5579368663188,0.13305763239180238
0.09963777482691728,99.63777482691728,0.11803081712176383
0.09971761278751577,99.71761278751578,0.10424647972666637
0.09979745074811426,99.79745074811426,0.09171141907468731
0.09987728870871275,99.87728870871275,0.08041172661478695
0.09995712666931125,99.95712666931125,0.0703145619096436
0.10003696462990974,100.03696462990975,0.06137041197267674
0.10011680259050823,100.11680259050823,0.05351575809380716
0.10019664055110672,100.19664055110673,0.04667605969065071
0.10027647851170521,100.2764785117052,0.04076895406826667
0.1003563164723037,100.3563164723037,0.035707564226204705
0.1004361544329022,100.4361544329022,0.03140380425038718
0.10051599239350069,100.5159923935007,0.02777157341500702
0.10059583035409918,100.59583035409918,0.02472973575649153
0.10067566831469767,100.67566831469766,0.02220479125445323
0.10075550627529616,100.75550627529616,0.020133157397700687
0.10083534423589466,100.83534423589465,0.018462995235627545
0.10091518219649315,100.91518219649315,0.017155531332651776
0.10099502015709164,100.99502015709163,0.016185845614133006
0.10107485811769013,101.07485811769013,0.015543114154293044
0.10115469607828861,101.15469607828861,0.015230314761696643
0.1012345340388871,101.2345340388871,0.01526342106492424
0.1013143719994856,101.3143719994856,0.01567012706426047
0.1013942099600841,101.3942099600841,0.016488158266165124
0.10147404792068258,101.47404792068258,0.017763237142375703
0.10155388588128107,101.55388588128108,0.01954677946468406
0.10163372384187956,101.63372384187956,0.021893403897309552
0.10171356180247806,101.71356180247807,0.024858340043697857
0.10179339976307655,101.79339976307655,0.02849482002178191
0.10187323772367504,101.87323772367505,0.03285153576379077
0.10195307568427353,101.95307568427353,0.03797023887294373
0.10203291364487202,102.03291364487202,0.04388355235915484
0.10211275160547051,102.1127516054705,0.05061305430770235
0.10219258956606901,102.19258956606902,0.05816768292717076
0.1022724275266675,102.2724275266675,0.0665425009069053
0.10235226548726599,102.352265487266,0.07571784501329225
0.10243210344786448,102.43210344786448,0.08565887477398937
0.10251194140846297,102.51194140846297,0.09631552231108498
0.10259177936906147,102.59177936906147,0.10762283421843596
0.10267161732965996,102.67161732965995,0.11950168611809626
0.10275145529025845,102.75145529025845,0.13185984140542947
0.10283129325085694,102.83129325085693,0.14459331788064603
0.10291113121145543,102.91113121145543,0.15758801959079788
0.10299096917205391,102.99096917205391,0.17072158634672496
0.10307080713265242,103.07080713265242,0.18386541006343363
0.1031506450932509,103.1506450932509,0.19688676528790167
0.1032304830538494,103.2304830538494,0.20965100097598996
0.10331032101444788,103.31032101444788,0.2220237416793828
0.10339015897504637,103.39015897504638,0.23387304869477216
0.10346999693564488,103.46999693564487,0.24507149527936867
0.10354983489624336,103.54983489624337,0.2554981145966158
0.10362967285684185,103.62967285684185,0.2650401844559176
0.10370951081744034,103.70951081744035,0.27359481896780163
0.10378934877803883,103.78934877803883,0.2810703437585321
0.10386918673863732,103.86918673863732,0.2873874381755647
0.10394902469923582,103.94902469923582,0.2924800347620018
0.10402886265983431,104.02886265983432,0.2962959729777508
0.1041087006204328,104.1087006204328,0.2987974104965153
0.10418853858103129,104.1885385810313,0.2999610012155758
0.10426837654162978,104.26837654162978,0.2997778542026446
0.10434821450222827,104.34821450222827,0.2982532920130604
0.10442805246282677,104.42805246282677,0.2954064300137041
0.10450789042342526,104.50789042342527,0.29126960045537226
0.10458772838402375,104.58772838402375,0.2858876459934502
0.10466756634462224,104.66756634462223,0.27931710716815633
0.10474740430522073,104.74740430522073,0.2716253270707462
0.10482724226581923,104.82724226581922,0.2628894941495747
0.10490708022641772,104.90708022641772,0.2531956410077754
0.1049869181870162,104.9869181870162,0.24263761332402162
0.1050667561476147,105.0667561476147,0.23131601893912504
0.10514659410821318,105.14659410821318,0.21933716297811248
0.10522643206881167,105.22643206881168,0.20681197091832806
0.10530627002941018,105.30627002941017,0.1938548980696816
0.10538610799000867,105.38610799000867,0.18058282128521294
0.10546594595060715,105.46594595060715,0.1671139071139865
0.10554578391120564,105.54578391120565,0.15356645023345603
0.10562562187180413,105.62562187180413,0.14005767697252472
0.10570545983240263,105.70545983240264,0.12670251109161373
0.10578529779300112,105.78529779300112,0.11361230265982782
0.10586513575359961,105.86513575359962,0.10089352570116127
0.1059449737141981,105.9449737141981,0.08864645601639229
0.10602481167479659,106.0248116747966,0.07696384688382395
0.10610464963539508,106.10464963539508,0.065929626789039
0.10618448759599358,106.18448759599359,0.05561764947315263
0.10626432555659207,106.26432555659207,0.0460905319390398
0.10634416351719056,106.34416351719057,0.037398620145717425
0.10642400147778905,106.42400147778905,0.029579124518534162
0.10650383943838754,106.50383943838754,0.022655467748282074
0.10658367739898604,106.58367739898604,0.01663688538242122
0.10666351535958453,106.66351535958452,0.011518315287793016
0.10674335332018302,106.74335332018302,0.007280605187674531
0.10682319128078151,106.8231912807815,0.003891058293579099
0.10690302924138,106.90302924138,0.0013043258627538402
0.10698286720197848,106.98286720197848,-0.0005363572503591532
0.10706270516257699,107.06270516257699,-0.0016976117605561364
0.10714254312317548,107.14254312317547,-0.002254059698242269
0.10722238108377397,107.22238108377397,-0.0022862224112668267
0.10730221904437245,107.30221904437245,-0.0018782292477762007
0.10738205700497094,107.38205700497095,-0.0011154063262146896
0.10746189496556945,107.46189496556944,-8.18233655444824e-05
0.10754173292616794,107.54173292616794,0.00114211784188129
0.10762157088676642,107.62157088676642,0.002481967490928011
0.10770140884736491,107.70140884736492,0.0038712999113401318
0.1077812468079634,107.7812468079634,0.005253494426265227
0.10786108476856189,107.8610847685619,0.006583154198620767
0.1079409227291604,107.94092272916039,0.007827104286813116
0.10802076068975888,108.02076068975889,0.008964924908695271
0.10810059865035737,108.10059865035737,0.00998899291867981
0.10818043661095586,108.18043661095587,0.010904023018292366
0.10826027457155435,108.26027457155435,0.011726119448504933
0.10834011253215284,108.34011253215284,0.012481368017958383
0.10841995049275134,108.41995049275134,0.013204016473404684
0.10849978845334983,108.49978845334984,0.013934307631802246
0.10857962641394832,108.57962641394832,0.014716043664329749
0.10865946437454681,108.6594643745468,0.015593970863007295
0.1087393023351453,108.7393023351453,0.016611081684506254
0.1088191402957438,108.8191402957438,0.01780593456548125
0.10889897825634229,108.89897825634229,0.019210091821112853
0.10897881621694078,108.97881621694077,0.020845771923828676
0.10905865417753927,109.05865417753927,0.022723804825481992
0.10913849213813775,109.13849213813775,0.02484196809324863
0.10921833009873624,109.21833009873625,0.027183767962004442
0.10929816805933475,109.29816805933474,0.029717713548773735
0.10937800601993324,109.37800601993324,0.03239711508243283
0.10945784398053172,109.45784398053172,0.03516041876683156
0.10953768194113021,109.53768194113022,0.03793207251915139
0.1096175199017287,109.6175199017287,0.04062389898570202
0.1096973578623272,109.69735786232721,0.043136935564541075
0.1097771958229257,109.77719582292569,0.04536368621631443
0.10985703378352418,109.85703378352419,0.0471907170891549
0.10993687174412267,109.93687174412267,0.04850151778547244
0.11001670970472116,110.01670970472117,0.04917954271048848
0.11009654766531965,110.09654766531965,0.049111342504909304
0.11017638562591815,110.17638562591816,0.04818969410329235
0.11025622358651664,110.25622358651664,0.046316639398579815
0.11033606154711513,110.33606154711514,0.043406346657828804
0.11041589950771362,110.41589950771362,0.03938771546881676
0.11049573746831211,110.49573746831211,0.034206654778643174
0.11057557542891061,110.57557542891061,0.027827974139676175
0.1106554133895091,110.65541338950909,0.020236840196389327
0.11073525135010759,110.73525135010759,0.011439763302175643
0.11081508931070608,110.81508931070607,0.0014650925204121891
0.11089492727130457,110.89492727130457,-0.009636989278696082
0.11097476523190306,110.97476523190305,-0.02179496535564329
0.11105460319250156,111.05460319250156,-0.03491696270134978
0.11113444115310005,111.13444115310004,-0.04889217839367068
0.11121427911369854,111.21427911369854,-0.06359271550515165
0.11129411707429702,111.29411707429702,-0.07887578049961369
0.11137395503489551,111.37395503489552,-0.09458618679677769
0.11145379299549402,111.45379299549401,-0.11055910362454445
0.1115336309560925,111.53363095609251,-0.12662298546455522
0.111613468916691,111.61346891669099,-0.1426026153247121
0.11169330687728948,111.69330687728949,-0.15832219469384817
0.11177314483788797,111.77314483788797,-0.1736084142587345
0.11185298279848646,111.85298279848647,-0.188293442168141
0.11193282075908496,111.93282075908496,-0.20221777065975116
0.11201265871968345,112.01265871968346,-0.2152328670489113
0.11209249668028194,112.09249668028194,-0.2272035812227771
0.11217233464088043,112.17233464088044,-0.23801026868925482
0.11225217260147892,112.25217260147892,-0.2475505956932602
0.11233201056207742,112.33201056207743,-0.25574100073107964
0.11241184852267591,112.41184852267591,-0.26251779476970205
0.1124916864832744,112.4916864832744,-0.2678378904270547
0.11257152444387289,112.57152444387289,-0.2716791581178557
0.11265136240447138,112.65136240447137,-0.2740404145633632
0.11273120036506987,112.73120036506987,-0.2749410559644832
0.11281103832566837,112.81103832566836,-0.2744203544304585
0.11289087628626686,112.89087628626686,-0.27253644184476106
0.11297071424686535,112.97071424686534,-0.26936501016229747
0.11305055220746384,113.05055220746384,-0.26499776111639617
0.11313039016806233,113.13039016806232,-0.25954064143984296
0.11321022812866081,113.21022812866082,-0.2531119019611617
0.11329006608925932,113.29006608925931,-0.24584002033330934
0.1133699040498578,113.36990404985781,-0.23786152771397737
0.1134497420104563,113.44974201045629,-0.22931877948427862
0.11352957997105478,113.52957997105479,-0.22035770912147026
0.11360941793165327,113.60941793165327,-0.21112560269666636
0.11368925589225178,113.68925589225178,-0.20176892922517042
0.11376909385285026,113.76909385285026,-0.19243125933690658
0.11384893181344875,113.84893181344876,-0.18325130154400088
0.11392876977404724,113.92876977404724,-0.17436108185075805
0.11400860773464573,114.00860773464574,-0.16588428866810404
0.11408844569524422,114.08844569524422,-0.15793480104828436
0.11416828365584272,114.16828365584273,-0.15061541423214417
0.11424812161644121,114.24812161644121,-0.14401677248148467
0.1143279595770397,114.3279595770397,-0.13821651522836706
0.11440779753763819,114.40779753763819,-0.13327863878034008
0.11448763549823668,114.48763549823668,-0.12925307223606775
0.11456747345883518,114.56747345883518,-0.12617546294207915
0.11464731141943367,114.64731141943366,-0.12406716380141307
0.11472714938003216,114.72714938003216,-0.1229354120639496
0.11480698734063065,114.80698734063064,-0.12277368690999775
0.11488682530122914,114.88682530122914,-0.12356223120042596
0.11496666326182763,114.96666326182762,-0.12526872121504615
0.11504650122242613,115.04650122242613,-0.12784906703542212
0.11512633918302462,115.12633918302461,-0.13124832544042814
0.1152061771436231,115.20617714362311,-0.13540170675736443
0.1152860151042216,115.28601510422159,-0.14023565702696564
0.11536585306482008,115.36585306482009,-0.14566899707103884
0.11544569102541859,115.44569102541858,-0.15161410056587205
0.11552552898601708,115.52552898601708,-0.1579780939894968
0.11560536694661556,115.60536694661556,-0.16466406229009667
0.11568520490721405,115.68520490721406,-0.17157224527926473
0.11576504286781254,115.76504286781254,-0.17860121104960594
0.11584488082841103,115.84488082841104,-0.185648994113845
0.11592471878900953,115.92471878900953,-0.19261418742686506
0.11600455674960802,116.00455674960803,-0.19939697894769376
0.11608439471020651,116.08439471020651,-0.20590012489494952
0.116164232670805,116.164232670805,-0.21202985331717047
0.11624407063140349,116.24407063140349,-0.21769669301380734
0.11632390859200199,116.323908592002,-0.22281622418245933
0.11640374655260048,116.40374655260048,-0.22730974841419432
0.11648358451319897,116.48358451319898,-0.23110487679945768
0.11656342247379746,116.56342247379746,-0.234136035930462
0.11664326043439595,116.64326043439596,-0.23634489248754864
0.11672309839499444,116.72309839499444,-0.23768069787316878
0.11680293635559294,116.80293635559293,-0.23810055500942734
0.11688277431619143,116.88277431619143,-0.2375696099466332
0.11696261227678992,116.96261227678991,-0.23606117134836618
0.1170424502373884,117.04245023738841,-0.23355676123081776
0.1171222881979869,117.12228819798689,-0.2300461005517374
0.11720212615858538,117.20212615858539,-0.22552703337867477
0.11728196411918389,117.28196411918388,-0.22000539342954403
0.11736180207978238,117.36180207978238,-0.21349481678484464
0.11744164004038087,117.44164004038086,-0.20601650453206607
0.11752147800097935,117.52147800097936,-0.19759893903234255
0.11760131596157784,117.60131596157784,-0.18827755740933277
0.11768115392217635,117.68115392217635,-0.17809438576065717
0.11776099188277483,117.76099188277483,-0.1670976374943871
0.11784082984337332,117.84082984337333,-0.15534127910337756
0.11792066780397181,117.92066780397181,-0.14288456661730614
0.1180005057645703,118.0005057645703,-0.12979155591941446
0.11808034372516879,118.08034372516879,-0.1161305900866257
0.1181601816857673,118.1601816857673,-0.1019737669089119
