xi,phi,eps_tilde,m_tilde,phi_linear
0.001,1.0,1.05,0.0,0.42377699623520654
0.0010172294945233712,0.9999999995691877,1.049999999052213,2.3128848329599422e-10,0.42377698887084286
0.0010344589890467425,0.9999999982957765,1.0499999962507083,4.705232752968125e-10,0.4237769813806789
0.001051688483570114,0.9999999962069015,1.0499999916551832,7.178730916335306e-10,0.4237769737647144
0.0010689179780934853,0.9999999933279484,1.0499999853214865,9.734616570695001e-10,0.4237769660229497
0.0010861474726168567,0.9999999896826922,1.049999977301923,1.23742394404008e-09,0.4237769581553845
0.0011033769671402278,0.9999999852934227,1.0499999676455303,1.509894924960075e-09,0.423776950162019
0.0011162990880327563,0.9999999815258447,1.0499999593568587,1.719913185373976e-09,0.42377694408443833
0.0011292212089252848,0.9999999773599051,1.0499999501917918,1.934850449558289e-09,0.423776937936095
0.0011421433298178132,0.9999999728035792,1.0499999401678752,2.154763658961586e-09,0.423776931716989
0.0011550654507103417,0.999999967864485,1.0499999293018683,2.379709755025953e-09,0.4237769254271203
0.0011679875716028702,0.9999999625499034,1.0499999176097894,2.6097456791796385e-09,0.42377691906648884
0.0011809096924953986,0.9999999568667969,1.0499999051069555,2.8449283728438825e-09,0.42377691263509476
0.0011938318133879271,0.9999999508218264,1.0499998918080211,3.085314777425867e-09,0.423776906132938
0.0012067539342804558,0.9999999444213673,1.049999877727012,3.330961834325613e-09,0.42377689956001857
0.0012196760551729843,0.9999999376715252,1.0499998628773604,3.58192648492876e-09,0.4237768929163364
0.0012325981760655128,0.9999999305781493,1.0499998472719347,3.838265670613639e-09,0.42377688620189163
0.0012455202969580412,0.9999999231468463,1.0499998309230694,4.100036332743894e-09,0.4237768794166842
0.0012584424178505697,0.9999999153829925,1.0499998138425928,4.367295412675695e-09,0.42377687256071406
0.0012842866596356267,0.9999998988780556,1.0499997775317356,4.918506591295909e-09,0.4237768586364858
0.0013101309014206836,0.9999998811021715,1.0499997384247957,5.492354737096467e-09,0.42377684442920693
0.0013359751432057405,0.9999998620911681,1.0499996966005944,6.089295380475215e-09,0.4237768299388775
0.0013618193849907975,0.9999998418781529,1.049999652131969,6.7097840516921535e-09,0.4237768151654974
0.0013876636267758544,0.9999998204937678,1.049999605086331,7.354276280753078e-09,0.4237768001090669
0.0014135078685609114,0.9999997979664131,1.049999555526162,8.02322759753105e-09,0.4237767847695858
0.0014393521103459686,0.9999997743224497,1.0499995035094556,8.717093531632417e-09,0.42377676914705426
0.0014651963521310255,0.9999997495863784,1.049999449090114,9.43632961252579e-09,0.4237767532414723
0.0014910405939160824,0.9999997237810013,1.049999392318302,1.0181391369403098e-08,0.4237767370528399
0.0015168848357011396,0.999999696927567,1.0499993332407667,1.095273433131356e-08,0.4237767205811572
0.0015427290774861966,0.9999996690458994,1.0499992719011213,1.1750814027019693e-08,0.423776703826424
0.0015685733192712535,0.9999996401545167,1.049999208340105,1.2576085985136333e-08,0.42377668678864067
0.0015944175610563105,0.999999610270736,1.0499991425958166,1.3429005733981647e-08,0.42377666946780695
0.0016202618028413674,0.9999995794107698,1.0499990747039234,1.4310028801721111e-08,0.423776651863923
0.0016461060446264246,0.9999995475898121,1.049999004697853,1.521961071621356e-08,0.42377663397698884
0.0016719502864114815,0.9999995148221179,1.0499989326089654,1.6158207005160133e-08,0.42377661580700454
0.0016977945281965385,0.9999994811210738,1.0499988584667124,1.7126273195945358e-08,0.4237765973539701
0.0017236387699815954,0.9999994464992639,1.0499987822987786,1.8124264815791085e-08,0.42377657861788554
0.0017494830117666524,0.9999994109685284,1.0499987041312135,1.9152637391592566e-08,0.423776559598751
0.0017753272535517093,0.9999993745400183,1.0499986239885488,2.021184645007738e-08,0.42377654029656636
0.0018011714953367662,0.9999993372242444,1.0499985418939088,2.130234751763652e-08,0.4237765207113317
0.0018270157371218232,0.9999992990311231,1.0499984578691095,2.242459612048833e-08,0.4237765008430472
0.0018528599789068801,0.9999992599700169,1.0499983719347492,2.3579047784504585e-08,0.4237764806917127
0.001878704220691937,0.999999220049774,1.0499982841102937,2.4766158035379414e-08,0.4237764602573284
0.001930392704262051,0.9999991376648981,1.0499981028637426,2.724017639875072e-08,0.42377641853941034
0.001982081187832165,0.9999990519382347,1.0499979142652849,2.9850295410734724e-08,0.4237763756892933
0.0020337696714022788,0.9999989629252458,1.049997718436939,3.260015926607195e-08,0.42377633170697765
0.0020854581549723927,0.9999988706758948,1.0499975154886265,3.549341215615999e-08,0.4237762865924638
0.002137146638542507,0.9999987752353114,1.0499973055196352,3.8533698266213054e-08,0.423776240345752
0.002188835122112621,0.9999986766443629,1.049997088619875,4.1724661778183687e-08,0.4237761929668427
0.0022405236056827348,0.9999985749401452,1.0499968648709594,4.506994686746142e-08,0.42377614445573625
0.00227928996836032,0.9999984966393173,1.0499966926094362,4.768237641715625e-08,0.42377610732940224
0.002318056331037906,0.9999984166194449,1.049996516566038,5.0385199083095426e-08,0.4237760695662077
0.002395589056393077,0.9999982514708131,1.0499961532397635,5.6068173287163514e-08,0.4237759921292379
0.0024731217817482477,0.9999980795831881,1.0499957750878082,6.213116850822687e-08,0.42377591214482807
0.0025506545071034186,0.9999979010346919,1.0499953822820496,6.858648374947825e-08,0.42377582961297977
0.0026281872324585894,0.9999977158942284,1.0499949749740847,7.544641797739505e-08,0.4237757445336944
0.0027057199578137603,0.9999975242228043,1.0499945532981378,8.272327013820382e-08,0.42377565690697355
0.002783252683168931,0.9999973260746289,1.0499941173734784,9.042933913732632e-08,0.4237755667328188
0.0028607854085241024,0.9999971214980352,1.049993667306449,9.85769238587209e-08,0.4237754740112318
0.0029383181338792736,0.9999969105362555,1.0499932031921704,1.0717832314311571e-07,0.42377537874221416
0.0030158508592344445,0.9999966932280766,1.0499927251159837,1.1624583580856279e-07,0.4237752809257676
0.0030933835845896153,0.9999964696083974,1.049992233154677,1.2579176062745887e-07,0.4237751805618939
0.003170916309944786,0.9999962397087037,1.0499917273775299,1.3582839634831188e-07,0.4237750776505949
0.003248449035299957,0.9999960035574761,1.0499912078472105,1.4636804167154905e-07,0.4237749721918725
0.003325981760655128,0.99999576118054,1.0499906746205458,1.5742299527249627e-07,0.42377486418572846
0.0034810472113654695,0.999995257841333,1.0499895672801671,1.8112802176294365e-07,0.4237746405311835
0.003636112662075811,0.9999947298551232,1.0499884057173776,2.0704186444708852e-07,0.42377440668697636
0.0037911781127861533,0.9999941773591106,1.0499871902341171,2.3526291116606846e-07,0.42377416265312373
0.00390747720081891,0.9999937469728015,1.049986243390994,2.580019850464186e-07,0.42377397294079
0.004023776288851666,0.9999933029073117,1.049985266454392,2.8213571086274563e-07,0.4237737774967984
0.004256374464917179,0.9999923738844465,1.0499832226213872,3.347531446491014e-07,0.4237733694138731
0.004488972640982691,0.9999913905441764,1.0499810592935475,3.934472626268671e-07,0.4237729384044142
0.004721570817048205,0.9999903530901919,1.0499787769194038,4.585501112537045e-07,0.4237724844684916
0.004954168993113717,0.9999892616879681,1.0499763758634342,5.303937316042202e-07,0.4237720076061789
0.00518676716917923,0.9999881164733351,1.0499738564249206,6.093101616885186e-07,0.4237715078175536
0.005419365345244743,0.9999869175588413,1.0499712188519457,6.956314333140427e-07,0.42377098510269684
0.005651963521310256,0.999985665038546,1.049968463351939,7.896895749290992e-07,0.42377043946169335
0.006117159873441282,0.9999829994853645,1.0499625992435238,1.002344548663741e-06,0.4237692794016043
0.0065823562255723075,0.9999801203163071,1.0499562652096366,1.2499312043280436e-06,0.42376802763803967
0.006931253489670577,0.9999778209805935,1.049951206796785,1.4601428722617002e-06,0.42376702863544696
0.007280150753768845,0.9999754018173201,1.049945884784693,1.6926180981144514e-06,0.4237659780504699
0.007977945281965384,0.9999702043878085,1.0499344508072854,2.2288409157590847e-06,0.4237637221349163
0.008675739810161922,0.9999645286366744,1.0499219646363578,2.8675627862318056e-06,0.4237612598946742
0.00937353433835846,0.9999583749941803,1.0499084272396157,3.6177461025292896e-06,0.4237585913333402
0.010769123394751537,0.9999446352114829,1.0498782014500663,5.488343484165564e-06,0.4237526352632898
0.012164712451144614,0.9999289867467309,1.0498437773984832,7.912318418650532e-06,0.42374585395956543
0.013560301507537691,0.9999114306454815,1.04980515761781,1.0961344484254692e-05,0.42373824746178823
0.014955890563930768,0.9998919676063972,1.0497623439061192,1.4707076519476434e-05,0.4237298158144008
0.01774706867671692,0.9998473226168801,1.049664140059923,2.4575200662229286e-05,0.42371047727266586
0.020538246789503074,0.9997950547031332,1.0495491749485186,3.808958181520565e-05,0.4236878387862994
0.023329424902289227,0.9997351660361553,1.049417456453964,5.5822800813945825e-05,0.42366190088434214
0.026120603015075378,0.9996676585284857,1.0492689923414376,7.83469340771023e-05,0.4236326641729158
0.030307370184254608,0.9995521160218807,1.0490149160102455,0.0001223665627187957,0.42358262535354024
0.03449413735343384,0.9994194418484964,1.04872321018966,0.0001803790913606556,0.42352516839873966
0.038680904522613066,0.9992696430836124,1.0483939081536369,0.0002543090400349586,0.4234602963289225
0.04286767169179229,0.9991027275031668,1.0480270469898345,0.00034607662181315247,0.4233880125539681
0.051241206030150754,0.998717580888763,1.0471808155120106,0.0005907877145499216,0.4232212254736912
0.059614740368509216,0.998264080162921,1.046184892755655,0.000929793656670536,0.42302484221415554
0.06798827470686768,0.9977423168198769,1.0450397209768303,0.0013783036776664087,0.42279890404048337
0.07636180904522613,0.9971523958692439,1.0437458078015367,0.0019514094512382034,0.4225434584122219
0.08892211055276382,0.9961399820238435,1.041527318621313,0.003077475612839047,0.4221050825088636
0.10148241206030151,0.9949749409431752,1.0389776713131758,0.004567701571231881,0.4216006439477557
0.1140427135678392,0.9936577985115647,1.0360993963608414,0.006471565797878644,0.4210303807313612
0.12660301507537688,0.9921891487760676,1.0328953444022866,0.008837544848923332,0.42039456168999223
0.1391633165829146,0.990569653551564,1.0293686813424128,0.011713491063217897,0.41969348627060526
0.15172361809045226,0.988800041964779,1.025522882904808,0.0151459804652768,0.41892748430176824
0.16428391959798994,0.9868811099446544,1.0213617286523808,0.0191808478444088,0.41809691573505864
0.17684422110552764,0.9848137196625487,1.0168892954991504,0.023862419748611502,0.41720217036317625
0.18940452261306534,0.982598798924163,1.0121099507331537,0.029234171747952217,0.4162436675150793
0.20196482412060301,0.9802373405144273,1.0070283445700583,0.03533785402846098,0.41522185572847814
0.2145251256281407,0.9777304014962798,1.0016494022574196,0.042214264351730285,0.41413721240004453
0.2270854271356784,0.9750791024641468,0.9959783157502037,0.04990227474933474,0.41299024341371776
0.2396457286432161,0.9722846267528793,0.9900205349789579,0.05843971259394068,0.4117814827475137
0.25220603015075377,0.9693482196028904,0.9837817587328003,0.06786229777884382,0.4105114920592639
0.26476633165829144,0.9662711872822516,0.9772679251801472,0.07820462331619235,0.4091808602517348
0.2773266331658292,0.9630548961665242,0.9704852020507974,0.08949901315298317,0.407790203017598
0.28988693467336685,0.9597007717771332,0.9634399765036203,0.10177659282107986,0.4063401623647447
0.3024472361809045,0.9562102977791186,0.9561388447046516,0.11506607868242275,0.4048314061224553
0.3150075376884422,0.9525850149391334,0.9485886011408715,0.12939492838336533,0.4032646274289564
0.32756783919597987,0.9488265200445931,0.9407962276953412,0.14478807283189138,0.40164054420091616
0.3401281407035176,0.9449364647849118,0.932768882509676,0.16126913556347958,0.39995989858544423
0.3526884422110553,0.9409165545957983,0.9245138886600697,0.17885911912778482,0.3982234563951844
0.36524874371859295,0.9367685474676145,0.9160387226732117,0.19757768196084027,0.39643200652709865
0.3778090452261307,0.9324942527188375,0.9073510029085193,0.21744179109600192,0.39458636036556216
0.39036934673366835,0.9280955297356933,0.8984584778330607,0.23846704476181055,0.3926873511703998
0.40292964824120603,0.9235742866790687,0.8893690142154603,0.2606663034321041,0.3907358334505098
0.4154899497487437,0.9189324791598313,0.8800905852648772,0.2840510461322107,0.38873268232373337
0.4280502512562814,0.914172108883728,0.8706312587409014,0.3086299918080582,0.3866787928636413
0.4406105527638191,0.9092952222670508,0.8609991850598614,0.3344104772254056,0.38457507943391794
0.4531708542713568,0.9043039090242981,0.8512025854226426,0.3613970804714644,0.3824224750110355
0.46573115577889446,0.8992003007290785,0.8412497399886277,0.38959300837046146,0.38022193049591974
0.4782914572864322,0.8939865693495354,0.831148976119829,0.4189987336394132,0.37797441401531634
0.49085175879396986,0.888664925759596,0.8209086567186812,0.4496133799144099,0.37568091021357497
0.5034120603015075,0.8832376182273701,0.8105371686822889,0.4814333836720324,0.3733424195355745
0.5159723618090453,0.8777069308820488,0.8000429114952071,0.514453865258552,0.3709599575015188
0.5285326633165829,0.8720751821606738,0.7894342859820587,0.5486673261687505,0.3685345539743361
0.5410929648241206,0.8663447232361703,0.77871968324047,0.5840649948873138,0.36606725242041904
0.5536532663316583,0.8605179364280522,0.7679074737739477,0.6206355694974418,0.36355910916444645
0.566213567839196,0.8545972335972282,0.7570059968434074,0.6583665276712231,0.361011192639027
0.5787738693467337,0.8485850545263525,0.7460235500551355,0.6972429238723412,0.3584245826299078
0.5913341708542714,0.8424838652871782,0.7349683792019911,0.7372486534600758,0.35580036951749083
0.603894472361809,0.8362961565963846,0.7238486683736622,0.7783653129653503,0.3531396535153973
0.6164547738693467,0.830024442161358,0.7126725303507678,0.8205734089901118,0.3504435439068196
0.6290150753768844,0.8236712570174227,0.7014479972965728,0.8638512891862609,0.34771315827939747
0.6415753768844221,0.8172391558580157,0.6901830117590194,0.9081762874265876,0.34494962175935023
0.6541356783919597,0.8107307113593137,0.6788854179947305,0.9535237322144534,0.34215406624559336
0.6666959798994975,0.8041485125008222,0.6675629536255723,0.9998680204617534,0.33932762964456076
0.6792562814070352,0.797495162883436,0.6562232416372951,1.047181709116395,0.3364714551064494
0.7043768844221105,0.7839854888523567,0.6335219481304275,1.1446020741515284,0.3306744864716724
0.7294974874371859,0.7702227465003524,0.6108399467790557,1.2455424575427791,0.3247723815526196
0.7546180904522614,0.7562281195524259,0.5882333609256822,1.3497447051387843,0.3187743970716304
0.7797386934673367,0.7420228647768271,0.5657558359795729,1.4569309386487976,0.31268980148277276
0.8048592964824121,0.7276282591203687,0.5434583718134183,1.5668154514627843,0.30652785158761525
0.8299798994974874,0.7130655475397059,0.5213891795167364,1.6790976887402138,0.30029776962639076
0.8551005025125628,0.6983558917108156,0.4995935623912848,1.7934724040100518,0.294008720921331
0.8802211055276382,0.683520319793799,0.47811382085913523,1.909625725281034,0.28766979214504823
0.9053417085427136,0.6685796774241046,0.45698918075697764,2.02724214171148,0.28128997028265157
0.9304623115577889,0.6535545800943362,0.43625574431181685,2.146003549571799,0.2748781223518385
0.9555829145728644,0.6384653670830388,0.4159464629343266,2.265593075119877,0.2684429759405272
0.9807035175879397,0.6233320570782717,0.3960911308271189,2.38569689920102,0.2619931006167236
1.005824120603015,0.6081743056344455,0.37671639828616893,2.506005033782891,0.255536890260283
1.0309447236180904,0.5930113645908922,0.3578458034743842,2.626215645421355,0.2490825463610552
1.0560653266331657,0.577862043569998,0.3394998213663174,2.746032999702221,0.24263806232263468
1.0811859296482411,0.5627446736615583,0.32169592850159134,2.8651739434318912,0.23621120880559598
1.1063065326633166,0.5476770733883793,0.30444868214083604,2.9833633107365385,0.229809520138723
1.1314271356783918,0.5326765170361308,0.2877698123907585,3.1003421823239647,0.22344028182135414
1.1565477386934673,0.5177597054181429,0.27166832585324235,3.215861107560105,0.21711051913461146
1.1816683417085425,0.5029427391333294,0.2561506193558673,3.329689736232276,0.2108269868739747
1.206788944723618,0.48824109436277463,0.24122060233664094,3.44160825197363,0.20459616021043983
1.2319095477386934,0.47366960123786356,0.22687982648280067,3.551417966577453,0.19842422668238785
1.2570301507537687,0.45924242480022476,0.21312762126093027,3.6589313820395204,0.19231707931530745
1.2821507537688441,0.44497304856129133,0.19996123402211013,3.7639833479191225,0.18628031086169738
1.3072713567839194,0.43087426065704976,0.18737597342014706,3.8664201731952628,0.1803192091488301
1.3323919597989948,0.41695814258160796,0.17536535494192484,3.9661109712448814,0.1744387535176195
1.3575125628140703,0.40323606047166727,0.16392124741548936,4.062936230491721,0.16864361233161668
1.3826331658291455,0.38971865890286955,0.15303401943254924,4.156799006749232,0.1629381415311718
1.407753768844221,0.37641585714840503,0.14269268469668767,4.247613335596995,0.1573263842040701
1.4328743718592964,0.3633368478402417,0.1328850453857995,4.335314975412461,0.15181207114048123
1.4579949748743717,0.350490097963936,0.12359783269625697,4.419850007177098,0.1463986223368662
1.4831155778894471,0.337883352109255,0.1148168438162835,4.5011848807595,0.1410891494105786
1.5082361809045226,0.32552363789080935,0.10652707465625336,4.579295502235503,0.13588645888427406
1.5333567839195978,0.31341727344560194,0.09871284774347243,4.6541763882367055,0.1307930562969175
1.5584773869346733,0.30156987690786624,0.0913579347678354,4.725830489691631,0.12581115109614674
1.5835979899497485,0.2899863777558067,0.08444567334203239,4.794277311865116,0.12094266226502305
1.608718592964824,0.27867102991987924,0.07795907761519846,4.859543669412968,0.11618922463475961
1.6338391959798995,0.26762742653807076,0.07188094245161215,4.921670680936277,0.11155219583388094
1.6589597989949747,0.25685851624023,0.06619394095583311,4.980705595900394,0.10703266382341103
1.6840804020100502,0.2463666208408878,0.06088071519218399,5.036707620284889,0.10263145496711747
1.7092010050251254,0.23615345431814158,0.05592396000939219,5.089740903462052,0.09834914258554299
1.7343216080402009,0.22622014295506102,0.05130649994025332,5.139879194392984,0.09418605594252341
1.7594422110552763,0.21656724651967782,0.047011359201132454,5.187200027843572,0.0901422896131159
1.7845628140703516,0.20719478035990724,0.04302182486679244,5.2317882475170805,0.08621771318232678
1.809683417085427,0.1981022382907009,0.03932150334230185,5.2737313874584535,0.08241198122472562
1.8348040201005025,0.18928861615229803,0.03589437029552763,5.313122128879718,0.07872454351594736
1.8599246231155777,0.1807524359205915,0.03272481425091071,5.35005483530084,0.0751546554281983
1.8850452261306532,0.17249177025332044,0.029797674077851204,5.384627033348811,0.07170138846318852
1.9101658291457286,0.16450426735899232,0.027098270635123645,5.416937029727156,0.0683636408773882
1.9352864321608039,0.15678717607908355,0.024612432856376307,5.44708452302361,0.06514014835613804
1.9604070351758793,0.14933737107812584,0.022326518581055218,5.475169207225186,0.06202949469491719
1.9855276381909546,0.1421513780407079,0.020227430450175582,5.501290631911571,0.05903012244796939
2.01064824120603,0.13522539877916112,0.018302627197420922,5.525547680626438,0.056140343506491316
2.0357688442211055,0.1285553361607166,0.01654013067329109,5.548037801351769,0.053358349570685505
2.060889447236181,0.122136818768162,0.01492852894367242,5.568857238204456,0.050682222482149875
2.086010050251256,0.11596522521346046,0.013456975804524233,5.588099753534799,0.048109944385309994
2.1111306532663314,0.11003570802936544,0.012115187051630658,5.605857487505297,0.045639407688875026
2.136251256281407,0.10434321706974471,0.010893433838841508,5.622219288392738,0.04326842480060705
2.1613718592964823,0.09888252235506272,0.009782533450208176,5.6372720758232715,0.04099473761101313
2.186492462311558,0.09364823630523922,0.008773837801208951,5.651098887785523,0.03881602670389629
2.2116130653266333,0.08863483530785612,0.007859219972145684,5.663780628742185,0.03672992027401382
2.2367336683417083,0.0838366805753974,0.00703105906307472,5.67539393137877,0.0347340027343817
2.2618542713567837,0.07924803825084553,0.006282223644594471,5.686013179546989,0.032825822998019956
2.286974874371859,0.07486309872649544,0.0056060540627266365,5.695708270728012,0.031002902421144618
2.3120954773869347,0.07067599514625145,0.004996343839260234,5.704546814860099,0.02926274239696657
2.33721608040201,0.06668082106693048,0.004447320391527429,5.712591870651957,0.027602831591350418
2.362336683417085,0.06287164725917309,0.0039536252778777994,5.719904233936847,0.02602065281360557
2.3874572864321606,0.05924253763345201,0.0035102941573272564,5.726540207990682,0.024513689517622013
2.412577889447236,0.05578756428134666,0.0031127366341731815,5.732553908357754,0.023079431930419517
2.4376984924623115,0.05250082162670385,0.0027567161409610486,5.737995114751091,0.02171538280694194
2.462819095477387,0.04937643968552564,0.0024383299962140743,5.742911532644249,0.02041906281159838
2.487939698492462,0.04640859643739649,0.002153989756927199,5.74734676257696,0.019188015528622277
2.5130603015075375,0.04359152931498234,0.0019004019700927402,5.7513424716610135,0.018019812104787484
2.538180904522613,0.04091954582159641,0.0016745494125592448,5.754936505481879,0.016912055529384743
2.5633015075376884,0.03838703329002472,0.0014736728944004336,5.758164934610295,0.015862384557619697
2.588422110552764,0.03598846779874229,0.0012952536877435304,5.761060324969619,0.014868477284746807
2.613542713567839,0.033718422264322784,0.001136996630713809,5.763653635187139,0.013928054379300012
2.6386633165829143,0.03157157373125567,0.000996813944818398,5.7659726533797855,0.013038881984722138
2.6637839195979898,0.029542709882538713,0.0008728097937264953,5.768043730542028,0.012198774299533328
2.6889045226130652,0.02762673479631111,0.0007632656020015843,5.769890385200381,0.011405595846913558
2.7140251256281407,0.02581867397544548,0.0006666261438900438,5.771534865938044,0.010657263445211033
2.739145728643216,0.02411367867842623,0.0005814864047453248,5.772996920228132,0.009951747891427222
2.764266331658291,0.022507029581019904,0.0005065792110358008,5.7742951856404385,0.009287075370174864
2.7893869346733666,0.020994139799196485,0.00044076361910848447,5.775446115283501,0.008661328600961289
2.814507537688442,0.019570557304500916,0.0003830140479158723,5.776465202291539,0.00807264773691918
2.8396281407035175,0.018231966763608685,0.000332410136710638,5.7773660515529945,0.007519231028294523
2.864748743718593,0.016974190834143275,0.0002881273052215208,5.778161445848038,0.006999335264112427
2.889869346733668,0.015793190948993733,0.0002494279909899245,5.7788625517642584,0.006511276005479053
2.9149899497487435,0.014685067621362045,0.00021565353631621716,5.7794798384900865,0.006053427623947278
2.940110552763819,0.01364606030260333,0.00018621669558288606,5.78002240485811,0.005624223158280482
2.9652311557788944,0.012672546824608262,0.00016059473253458604,5.780498763457152,0.005222154002796194
2.99035175879397,0.011761042458030706,0.00013832307635004088,5.780916275443701,0.004845769440266066
3.0154723618090453,0.010908198617093932,0.0001189895049866614,5.7812818134802,0.004493676032094103
3.0405929648241203,0.010110801241029612,0.00010222882426688973,5.781601291168035,0.004164536878196986
3.065713567839196,0.00936576888142575,8.7718011459385e-05,5.781880218512859,0.0038570707586729823
3.0908341708542713,0.008670150523895113,7.517179264479529e-05,5.782123313425119,0.0035700511689744033
3.1159547738693467,0.008021123171534266,6.433862390451859e-05,5.782334963105198,0.003302305259896666
3.141075376884422,0.007415989216637886,5.4997047294218226e-05,5.7825189059131485,0.0030527126932701587
3.166195979899497,0.006852173626071807,4.695239362767988e-05,5.782678611391995,0.0028202044237923864
3.1913165829145727,0.006327220964602628,4.003380526986442e-05,5.782817021828791,0.0026037614169721673
3.216437185929648,0.005838792279340814,3.409155339279243e-05,5.782936862710648,0.002402413312678436
3.2415577889447236,0.0053846618672862495,2.899462545930004e-05,5.783040434404212,0.002215237043296966
3.266678391959799,0.004962713946779983,2.462856004578836e-05,5.783129863763852,0.0020413554150029525
3.291798994974874,0.004570939252469912,2.0893507476657327e-05,5.783206937483165,0.0018799356601585224
3.3169195979899495,0.004207431572199612,1.7702496103632775e-05,5.7832733044276035,0.001730187968345307
3.342040201005025,0.00387038424303507,1.4979885408565688e-05,5.783330343312291,0.001591364003045648
3.3671608040201004,0.0035580866224594184,1.2659988426679874e-05,5.783379324173835,0.0014627554104944098
3.392281407035176,0.003268920549597518,1.068584726894143e-05,5.7834213040698845,0.0013436923267391907
3.417402010050251,0.0030013568101845693,9.008146759373038e-06,5.783457254982833,0.0012335418884717203
3.4425226130653264,0.002753951617871032,7.584252389616507e-06,5.783487982196052,0.0011317067527294904
3.467643216080402,0.0025253431233639282,6.377359924256164e-06,5.7835142248676625,0.0010376236301157286
3.4927638190954773,0.0023142479618454065,5.355745063105108e-06,5.783536592603575,0.0009507618357490144
3.5178844221105527,0.002119457848086766,4.492102578765411e-06,5.783555643973043,0.0008706218617325894
3.543005025125628,0.0019398362276921229,3.762965298261931e-06,5.783571837564189,0.0007967339745285053
3.568125628140703,0.0017743149919629488,3.1481941862606546e-06,5.783585592845903,0.0007286568402341811
3.5932462311557787,0.0016218912629744667,2.630531614897649e-06,5.783597252657783,0.0006659761803893345
3.618366834170854,0.0014816242545986793,2.195210672762534e-06,5.783607130059009,0.0006083034605900741
3.6434874371859296,0.001352632214397439,1.8296140748000716e-06,5.783615479775821,0.0005552746138545721
3.668608040201005,0.0012340894505432915,1.5229768879151556e-06,5.783622534015951,0.0005065488003713774
3.69372864321608,0.0011252234472058024,1.2661278862956903e-06,5.783628480879781,0.00046180720496715746
3.7188492462311555,0.0010253120711668292,1.0512648985383017e-06,5.783633491553547,0.00042075187335538
3.743969849246231,0.0009336808717994391,8.717600083624328e-07,5.783637704093661,0.00038310458797108593
3.7690904522613065,0.0008497004759611431,7.21990924912136e-07,5.783641243935561,0.00034860578395909614
3.794211055276382,0.0007727840788123016,5.97195250297885e-07,5.783644211793506,0.0003170135056635053
3.8193316582914574,0.0007023850310737279,4.93344744045893e-07,5.783646699025619,0.0002881024037646149
3.8444522613065324,0.0006379945227826678,4.070370193846404e-07,5.783648778663107,0.00026166277302510895
3.869572864321608,0.0005791393631920897,3.354024076232777e-07,5.783650516846086,0.00023749963043970964
3.8946934673366833,0.0005253798560831956,2.760239969874616e-07,5.783651966215522,0.00021543183343114387
3.9198140703517588,0.00047630776942362527,2.268690937867886e-07,5.7836531743693484,0.00019529123759936553
3.9449346733668342,0.0004315443980024756,1.8623056918141028e-07,5.783654179025773,0.00017692189340994473
3.9700552763819092,0.0003907387174061663,1.526767464457253e-07,5.783655014235828,0.0001601792811006015
3.9951758793969847,0.00035356562746466754,1.2500865370584223e-07,5.783655706865528,0.0001449295829913462
4.020296482412061,0.00031972428309388657,1.0222361772238312e-07,5.78365628113099,0.00013104899230281675
4.045417085427136,0.0002889365102852095,8.348430732427645e-08,5.783656756055823,0.00011842305751842877
4.0705376884422115,0.0002609453048455817,6.809245235278268e-08,5.783657148760787,0.00010694606126815228
4.095658291457287,0.00023551341136922392,5.546656708859629e-08,5.783657472637463,9.652043266431901e-05
4.1207788944723625,0.00021242197982330533,4.512309761385744e-08,5.783657739719507,8.70561919821291e-05
4.145899497487438,0.00019146929705292354,3.6660491781140256e-08,5.7836579593789,7.847042654874217e-05
4.1710201005025125,0.0001724695904537714,2.9745759675532145e-08,5.7836581400245395,7.06867966842844e-05
4.196140703517588,0.0001552519010222399,2.4103152800067478e-08,5.7836582881772465,6.363507052509795e-05
4.221261306532663,0.00013965902297077018,1.9504642716171667e-08,5.783658409678975,5.725068655344177e-05
4.246381909547739,0.00012554650708937785,1.5761925454765116e-08,5.783658509040536,5.147434265795761e-05
4.271502512562814,0.00011278172504097263,1.2719717511307112e-08,5.783658590297126,4.625161055495656e-05
4.29662311557789,0.00010124299179681387,1.0250143393222992e-08,5.783658656551148,4.153257441133836e-05
4.321743718592965,9.08187434478166e-05,8.248044164841842e-09,5.783658710573809,3.7271492525191485e-05
4.346864321608041,8.140676766606612e-05,6.627061824032765e-09,5.783658754486605,3.3426480939289114e-05
4.371984924623116,7.291348413752087e-05,5.3163761704857e-09,5.783658790181793,2.995921788530357e-05
4.397105527638192,6.525327234024518e-05,4.257989552016731e-09,5.78365881910181,2.6834667982132438e-05
4.422226130653267,5.834784410143865e-05,3.40447091186531e-09,5.783658842531377,2.402082513982303e-05
4.447346733668342,5.2125658429897396e-05,2.7170842671194607e-09,5.7836588614456454,2.148847315079423e-05
4.472467336683417,4.652137618728649e-05,2.164238442593223e-09,5.783658876711907,1.921096298199261e-05
4.497587939698493,4.147535223071369e-05,1.7202048428097224e-09,5.783658888985675,1.716400581494586e-05
4.522708542713568,3.693316272958402e-05,1.3640585093029669e-09,5.783658898849141,1.532548091505378e-05
4.5478291457286435,3.28451654306777e-05,1.0788048922267765e-09,5.78365890674048,1.3675257446601965e-05
4.572949748743719,2.9166090715904913e-05,8.50660847684576e-10,5.783658913048319,1.2195029385616171e-05
4.598070351758794,2.5854661366394132e-05,6.684635143932554e-10,5.783658918063937,1.0868162718560641e-05
4.62319095477387,2.2873239013602827e-05,5.231850629870885e-10,5.783658922045334,9.679554150796781e-06
4.648311557788945,2.0187495322151115e-05,4.075349673901774e-10,5.783658925185111,8.615500584467456e-06
4.673432160804021,1.77661060092187e-05,3.1563452273577807e-10,5.7836589276536525,7.663578660880004e-06
4.698552763819095,1.5580465860742408e-05,2.4275091644070606e-10,5.783658929577689,6.812533697377693e-06
4.723673366834171,1.360442295440715e-05,1.850803239241129e-10,5.783658931069227,6.052177382978607e-06
4.748793969849246,1.1814030342594845e-05,1.395713129367257e-10,5.783658932211339,5.373293630610856e-06
4.773914572864322,1.0187313484029677e-05,1.037813560224314e-10,5.783658933077428,4.767552016481627e-06
4.799035175879397,8.70405173975252e-06,7.576051668857587e-11,5.783658933721885,4.227428268907396e-06
4.824155778894473,7.345572266065164e-06,5.395743191613128e-11,5.783658934192834,3.7461312997315978e-06
4.849276381909548,6.0945546428822564e-06,3.7143596295146646e-11,5.783658934526087,3.3175363012129046e-06
4.874396984924624,4.934844569019546e-06,2.435269092041136e-11,5.783658934753487,2.9361234599389257e-06
4.899517587939699,3.851274934640769e-06,1.483231862220326e-11,5.783658934899111,2.596921866876096e-06
4.9246381909547745,2.8294925434532413e-06,8.006028053460699e-12,5.783658934984666,2.295458229086043e-06
4.94975879396985,1.8557887010707491e-06,3.443951703022451e-12,5.783658935027259,2.0277100139104197e-06
4.9748793969849245,9.169318086998899e-07,8.407639418056868e-13,5.7836589350428005,1.7900626805465302e-06
5.0,3.5264830524668625e-38,1.2436082719336e-75,5.78365893504496,1.5792706769090444e-06
