r_km,m_msun,epsilon_MeVfm3,p_MeVfm3,phi_raw,f_metric,compactness_2m_r,Phi,gtt_minus
0.025,7.041088873380623e-08,1200.0,309.1575452469908,0.0,0.999991682109975,8.317890024955159e-06,-0.8098409560344298,-0.19796165828413162
0.05,5.632752259694186e-07,1199.949774266032,309.1408033356681,1.1093800115094255e-05,0.999966729141844,3.327085815596208e-05,-0.8098298622343147,-0.19796605062699413
0.075,1.9009760467534536e-06,1199.8662869204823,309.11297422048494,2.95354688702937e-05,0.9999251436343568,7.48563656432371e-05,-0.8098114205655595,-0.19797335241031125
0.1,4.505755343242152e-06,1199.7494566145908,309.0740307851878,5.534460483460438e-05,0.9998669297529884,0.0001330702470115531,-0.8097856114295953,-0.19798357171639977
0.125,8.79964365286898e-06,1199.5992809549623,309.0239722319783,8.852401907579033e-05,0.9997920933268146,0.0002079066731853824,-0.8097524320153541,-0.197996710110197
0.15,1.5204389670622357e-05,1199.4157726088151,308.96280278326253,0.00012907384703581784,0.9997006418480364,0.0002993581519635991,-0.809711882187394,-0.19801276822640532
0.175,2.4141389939453843e-05,1199.1989508312226,308.89052885739835,0.00017699341917169168,0.9995925844705942,0.00040741552940584094,-0.8096639626152582,-0.19803174651008368
0.2,3.6031618640595885e-05,1198.9488395832082,308.80715844139354,0.00023228167566177233,0.9994679320083456,0.0005320679916544343,-0.809608674358768,-0.19805364538080025
0.225,5.1295557503976255e-05,1198.665466970019,308.7127009036638,0.0002949372893302312,0.9993266969328819,0.0006733030671180857,-0.8095460187450996,-0.19807846528125508
0.25,7.035312585868537e-05,1198.3488650353372,308.60716692543656,0.00036495870976990265,0.9991688933710001,0.0008311066289998525,-0.8094759973246599,-0.19810620669469792
0.275,9.362361084336064e-05,1197.9990696721811,308.4905684710512,0.0004423441815107617,0.9989945371018364,0.0010054628981636387,-0.8093986118529191,-0.19813687015206255
0.3,0.00012152559779627915,1197.6161205776643,308.36291877287897,0.0005270917523225529,0.9988036455536634,0.0011963544463365703,-0.8093138642821073,-0.19817045623518836
0.325,0.0001544769008448737,1197.2000612258894,308.22423232228726,0.0006191992773351392,0.9985962378003544,0.001403762199645556,-0.8092217567570947,-0.19820696557837922
0.35,0.00019289449371430754,1196.7509388487892,308.0745248632539,0.0007186644212267332,0.9983723345575134,0.0016276654424866185,-0.8091222916132031,-0.19824639886919027
0.375,0.0002371944407746546,1196.2688044205104,307.913813387161,0.00082548465945523,0.9981319581782744,0.0018680418217256458,-0.8090154713749746,-0.19828875684882893
0.4,0.00028779182834613503,1195.7537126432783,307.7421161280836,0.0009396572789876776,0.9978751326487708,0.002124867351229179,-0.8089012987554421,-0.19833404031235036
0.425,0.00034510069628175484,1195.2057219337264,307.559452558233,0.0010611793787536677,0.9976018835832762,0.0023981164167237823,-0.8087797766556761,-0.1983822501087364
0.45,0.00040953396984658554,1194.6248944091612,307.3658433833779,0.0011900478699406723,0.9973122382190175,0.0026877617809824682,-0.8086509081644891,-0.19843338714090508
0.475,0.00048150339191280124,1194.0112958734742,307.1613105381489,0.0013262594761958451,0.9970062254106634,0.0029937745893365442,-0.808514696558234,-0.19848745236567603
0.5,0.0005614194554894657,1193.364995802538,306.94587718117015,0.0014698107337709665,0.9966838756244888,0.0033161243755111636,-0.8083711453006589,-0.1985444467937063
0.525,0.0006496913366059264,1192.686067328996,306.7195676899895,0.00162069799163211,0.9963452209322172,0.0036547790677827637,-0.8082202580427977,-0.1986043714894051
0.55,0.0007467268275675346,1191.9745872263907,306.4824076557877,0.001778917411547119,0.9959902950045435,0.004009704995456478,-0.8080620386228827,-0.1986672275708326
0.575,0.0008529322706022566,1191.2306358925955,306.234423877856,0.001944464968159063,0.9956191331043385,0.004380866895661509,-0.8078964910662708,-0.19873301620958644
0.6,0.0009687124919165917,1190.4542973325392,305.9756443578372,0.002117336449050893,0.9952317720795376,0.004768227920462355,-0.807723619585379,-0.19880173863067707
0.625,0.0010944707361790456,1189.6456591402036,305.70609829372535,0.0022975274548047205,0.9948282503557163,0.005171749644283687,-0.8075434285796251,-0.19887339611239416
0.65,0.0012306086014492385,1188.8048124799006,305.4258160736244,0.0024850333990580186,0.9944086079283534,0.005591392071646584,-0.8073559226353718,-0.19894798998616453
0.675,0.0013775259745705513,1187.9318520668176,305.1348292692633,0.0026798495085583064,0.9939728863547863,0.0060271136452137285,-0.8071611065258716,-0.19902552163640214
0.7,0.0015356209670440272,1187.0268761468396,304.8331706292707,0.002881970823217428,0.993521128745859,0.006478871254141071,-0.8069589852112125,-0.19910599250035085
0.725,0.0017052898514010575,1186.0899864756498,304.5208740722074,0.003091392196166208,0.9930533797572666,0.006946620242733404,-0.8067495638382637,-0.19918940406791996
0.75,0.0018869269980921826,1185.1212882971088,304.1979746793604,0.0033081082938100615,0.9925696855805989,0.007430314419401169,-0.8065328477406198,-0.19927575788151278
0.775,0.0020809248129091272,1184.120890320924,303.86450868729884,0.003532113595886,0.9920700939340843,0.007929906065915713,-0.8063088424385438,-0.19936505553584855
0.8,0.0022876736749569957,1183.0889046996106,303.5205134801943,0.0037634023955213595,0.9915546540530398,0.008445345946960198,-0.8060775536389085,-0.1994572986777775
0.825,0.0025075618751933112,1182.0254470047507,303.1660275819077,0.004001968799294523,0.9910234166800268,0.008976583319973185,-0.8058389872351354,-0.19955248900608966
0.85,0.0027409755555503888,1180.9306362025602,302.80109064784426,0.004247806727297855,0.9904764340547181,0.009523565945281885,-0.805593149307132,-0.19965062827131655
0.875,0.0029882986486572632,1179.8045946287687,302.4257434565804,0.004500909913203035,0.9899137599034781,0.010086240096521978,-0.8053400461212268,-0.19975171827552693
0.9,0.0032499128181772124,1178.6474479628178,302.04002790126344,0.004761271904328932,0.9893354494286593,0.010664550571340794,-0.8050796841301009,-0.19985576087211565
0.925,0.0035261973997765994,1177.4593252013915,301.643986980788,0.00502888606171219,0.9887415592976194,0.0112584407023806,-0.8048120699727177,-0.19996275796558632
0.95,0.003817529342740594,1176.2403586312796,301.23766479075067,0.005303745560180624,0.9881321476314614,0.011867852368538614,-0.8045372104742492,-0.20007271151132744
0.975,0.00412428315225101,1174.9906838015895,300.82110651418736,0.005585843388429565,0.9875072739934997,0.012492726006500341,-0.8042551126460002,-0.20018562351538186
1.0,0.004446830832341264,1173.71043949531,300.39435841209416,0.005875172349101263,0.9868669993774573,0.013133000622542693,-0.8039657836853286,-0.20030149603421027
1.025,0.0047855418295432274,1172.399767700235,299.95746781373583,0.006171725058867455,0.9862113861953967,0.013788613804603311,-0.8036692309755624,-0.20042033117444785
1.05,0.005140782977240387,1171.0588135792632,299.51048310674526,0.006475493948515202,0.9855404982653876,0.014459501734612428,-0.8033654620859146,-0.20054213109265479
1.075,0.005512918440741563,1169.6877254400758,299.0534537270161,0.006786471263036112,0.9848544007989165,0.015145599201083526,-0.8030544847713937,-0.20066689799506007
1.1,0.005902309663089082,1168.2866547042026,298.5864301483917,0.007104649061719034,0.984153160388041,0.015846839611958975,-0.8027363069727108,-0.20079463413729928
1.125,0.006309315311614994,1166.8557558754906,298.1094638721543,0.007430019218246344,0.9834368449922932,0.016563155007706776,-0.8024109368161835,-0.20092534182414554
1.15,0.0067342912252587595,1165.3951865079796,297.62260741631735,0.007762573420793916,0.9827055239253356,0.01729447607466444,-0.802078382613636,-0.20105902340923423
1.175,0.007177590362659354,1163.9051071731988,297.1259143047237,0.008102303172134881,0.981959267841374,0.01804073215862601,-0.801738652862295,-0.20119568129478155
1.2,0.0076395627510346155,1162.3856814268904,296.61943905595433,0.008449199789747284,0.9811981487213319,0.018801851278668097,-0.8013917562446826,-0.20133531793129603
1.225,0.008120555435860228,1160.8370757751752,296.1032371720492,0.008803254405925741,0.9804222398587892,0.019577760141210834,-0.8010377016285041,-0.20147793581728435
1.25,0.008620912431360485,1159.2594596401655,295.577365127046,0.009164457967897199,0.9796316158456905,0.020368384154309475,-0.8006764980665326,-0.20162353749894998
1.275,0.009140974671822687,1157.6530053250412,295.0418803553379,0.009532801237940916,0.9788263525578276,0.021173647442172396,-0.800308154796489,-0.2017721255698862
1.3,0.00968107996374663,1156.017887978595,294.49684123985577,0.00990827479351275,0.9780065271400988,0.021993472859901164,-0.7999326812409171,-0.20192370267076212
1.325,0.010241562938840406,1154.3542855592611,293.94230710007787,0.010290869027373889,0.9771722179915517,0.022827782008448275,-0.799550087007056,-0.20207827148900231
1.35,0.010822755007873367,1152.662378798637,293.37833817986984,0.010680574147724118,0.9763235047502119,0.02367649524978811,-0.7991603818867057,-0.2022358347584604
1.375,0.011424984315396819,1150.9423511645075,292.80499563516,0.01107738017833973,0.9754604682777034,0.024539531722296597,-0.7987635758560901,-0.2023963952590858
1.4,0.012048575695342586,1149.194388823388,292.2223415214535,0.011481276958716218,0.9745831906436649,0.02541680935633506,-0.7983596790757136,-0.20255995581658426
1.425,0.012693850627509405,1147.4186806025907,291.6304387811877,0.011892254144215828,0.9736917551099664,0.0263082448900336,-0.797948701890214,-0.20272651930207192
1.45,0.013361127194946627,1145.6154179518333,291.0293512309353,0.012310301206220117,0.9727862461147306,0.027213753885269403,-0.7975306548282097,-0.20289608863172298
1.475,0.014050720042244468,1143.7847949043946,290.41914354845574,0.012735407432287616,0.9718667492561648,0.02813325074383524,-0.7971055486021422,-0.2030686667664109
1.5,0.014762940334739618,1141.9270080378337,289.7998812596021,0.013167561926316722,0.9709333512762066,0.029066648723793397,-0.7966733941081131,-0.20324425671134297
1.525,0.015498095718644805,1140.0422564342825,289.17163072508504,0.013606753608713938,0.9699861400439896,0.030013859956010348,-0.796234202425716,-0.20342286151568906
1.55,0.016256490282110396,1138.1307416403247,288.53445912709907,0.014052971216567569,0.9690252045391328,0.030974795460867184,-0.7957879848178623,-0.20360448427220326
1.575,0.017038424517225932,1136.192667626471,287.88843445581443,0.014506203303827016,0.968050634834859,0.03194936516514107,-0.7953347527306028,-0.20378912811683936
1.6,0.017844195282969,1134.2282407462453,287.23362549573926,0.014966438241487773,0.9670625220809472,0.03293747791905273,-0.794874517792942,-0.20397679622836018
1.625,0.01867409576910865,1132.2376696948952,286.5701018119559,0.015433664217782247,0.9660609584865248,0.033939041513475106,-0.7944072918166476,-0.20416749182794
1.65,0.019528415461070044,1130.2211654677328,285.89793373623513,0.015907869238376542,0.9650460373027019,0.034953962697298106,-0.7939330867960533,-0.20436121817876096
1.675,0.020407440105766776,1128.1789413181252,285.21719235303254,0.016389041126573318,0.9640178528050555,0.035982147194944525,-0.7934519149078565,-0.20455797858560296
1.7,0.02131145167840698,1126.1112127151448,284.52794948537246,0.016877167523520843,0.9629765002759679,0.03702349972403211,-0.792963788510909,-0.20475777639442677
1.725,0.02224072835027877,1124.0181973008903,283.83027768062095,0.017372235888428397,0.9619220759868234,0.038077924013176584,-0.7924687201460014,-0.20496061499195153
1.75,0.02319554445752062,1121.9001148474931,283.1242501961552,0.017874233498788104,0.9608546771800692,0.03914532281993072,-0.7919667225356417,-0.2051664978052252
1.775,0.024176170470881327,1119.7571872138205,282.409940984931,0.01838314745060337,0.9597744020511458,0.040225597948854185,-0.7914578085838265,-0.20537542830118863
1.8,0.0251828729664745,1117.5896383018899,281.6874246809541,0.01889896465862401,0.9586813497302908,0.04131865026970916,-0.7909419913758058,-0.20558740998623384
1.825,0.026215914597531607,1115.3976940130049,280.9567765846591,0.019421671856588243,0.9575756202642235,0.04242437973577647,-0.7904192841778416,-0.20580244640575512
1.85,0.027275554067157672,1113.1815822036276,280.21807264820006,0.019951255597471625,0.9564573145977129,0.04354268540228711,-0.7898897004369583,-0.20602054114369442
1.875,0.028362046102092957,1110.9415326409996,279.47138946065735,0.020487702253743103,0.955326534555036,0.04467346544496401,-0.7893532537806868,-0.20624169782208016
1.9,0.02947564142748404,1108.677776958523,278.7168042331652,0.02103099801762828,0.9541833828213313,0.04581661717866873,-0.7888099580168015,-0.20646592010055945
1.925,0.030616586742666943,1106.3905486109186,277.95439478396366,0.02158112890138006,0.953027962923852,0.04697203707614804,-0.7882598271330498,-0.20669321167592428
1.95,0.03178512469796485,1104.0800828291685,277.18423952338037,0.02213808073755675,0.951860379213125,0.04813962078687496,-0.7877028752968731,-0.20692357628163138
1.975,0.03298149387250249,1101.7466165752605,276.40641743874437,0.02270183917930782,0.9506807368440208,0.04931926315597926,-0.7871391168551221,-0.20715701768731562
2.0,0.03420592875303898,1099.3903884967465,275.6210080792397,0.023272389700667383,0.949489141756738,0.05051085824326191,-0.7865685663337625,-0.20739353969829705
2.025,0.035458659713820506,1097.011638881124,274.82809154069884,0.023849717596855568,0.9482857006577115,0.05171429934228857,-0.7859912384375742,-0.20763314615508188
2.05,0.03673991299745377,1094.610609610062,274.02774845034486,0.02443380798458791,0.9470705210004434,0.05292947899955658,-0.7854071480498419,-0.20787584093285696
2.075,0.03804991069680111,1092.1875441134741,273.2200599514822,0.025024645802392876,0.9458437109662696,0.05415628903373036,-0.784816310232037,-0.2081216279409782
2.1,0.039388870737897375,1089.7426873234597,272.405107688144,0.025622215810937675,0.94460537944506,0.05539462055493999,-0.7842187402234921,-0.20837051112245264
2.125,0.0407570068638887,1087.2762856281233,271.5829737896986,0.026226502593362466,0.9433556360158624,0.056644363984137684,-0.7836144534410674,-0.2086224944534141
2.15,0.04215452861999273,1084.788586825284,270.75374085541887,0.026837490555623116,0.942094590927493,0.057905409072506915,-0.7830034654788067,-0.20887758194259304
2.175,0.043581641339479574,1082.2798400760907,269.9174919390211,0.02745516392684261,0.940822355079081,0.05917764492091905,-0.7823857921075872,-0.2091357776307799
2.2,0.045038546130672485,1079.7502958585517,269.07431053317475,0.02807950675967127,0.9395390400005678,0.06046095999943222,-0.7817614492747585,-0.20939708559028225
2.225,0.04652543986496673,1077.200205920999,268.2242805539905,0.028710502930655905,0.9382447578331727,0.06175524216682721,-0.7811304531037739,-0.20966150992437613
2.25,0.048042515165864996,1074.629823235489,267.3674863254872,0.029348136140618,0.9369396213098247,0.06306037869017528,-0.7804928198938118,-0.20992905476675083
2.275,0.04958996039902725,1072.039401951166,266.50401256404615,0.029992389915041124,0.9356237437355674,0.06437625626443258,-0.7798485661193887,-0.2101997242809478
2.3,0.05116795966333251,1069.4291973475881,265.6339443628535,0.030643247604467624,0.9342972389679437,0.06570276103205626,-0.7791977084299623,-0.2104735226597934
2.325,0.05277669278294984,1066.7994657880388,264.7573671763371,0.03130069238490477,0.9329602213973632,0.0670397786026368,-0.7785402636495251,-0.21075045412482574
2.35,0.054416335300415494,1064.150464672829,263.87436680460047,0.0319647072582405,0.9316128059274582,0.06838719407254176,-0.7778762487761893,-0.21103052292571514
2.375,0.05608705847071275,1061.4824523926084,262.98502937786026,0.03263527505266879,0.9302551079554342,0.06974489204456576,-0.777205680981761,-0.21131373333967893
2.4,0.05778902925635064,1058.795688281694,262.08944134088887,0.03331237842312494,0.9288872433524186,0.07111275664758139,-0.7765285776113049,-0.21160008967089003
2.425,0.059522410323437594,1056.0904325714316,261.187689437468,0.033995999851730734,0.9275093284438135,0.07249067155618653,-0.7758449561826991,-0.21188959624987985
2.45,0.061287360038745534,1053.3669463435995,260.27986069485735,0.03468612164824971,0.9261214799896575,0.07387852001034247,-0.7751548343861802,-0.2121822574329348
2.475,0.0630840324677598,1050.6254914838707,259.3660424082811,0.035382725950552606,0.9247238151650018,0.07527618483499823,-0.7744582300838773,-0.21247807760148754
2.5,0.0649125773737097,1047.8663306353424,258.44632212543826,0.03608579472509313,0.9233164515403038,0.0766835484596961,-0.7737551613093367,-0.21277706116150158
2.525,0.06677314021757473,1045.0897271521458,257.5207876310394,0.03679530976739417,0.9218995070618466,0.07810049293815333,-0.7730456462670356,-0.21307921254285095
2.55,0.06866586215906029,1042.2959450531503,256.5895269313743,0.03751125270254454,0.9204731000321849,0.07952689996781513,-0.7723297033318853,-0.21338453619869316
2.575,0.07059088005853764,1039.4852489757727,255.65262823891507,0.03823360498570644,0.9190373490906257,0.08096265090937425,-0.7716073510487234,-0.2136930366048373
2.6,0.07254832647994124,1036.6579041299,254.71017995695755,0.03896234790263365,0.9175923731937478,0.08240762680625223,-0.7708786081317962,-0.21400471825910553
2.625,0.07453832969461734,1033.8141762519463,253.76227066430621,0.03969746257020069,0.9161382915959625,0.0838617084040375,-0.7701434934642292,-0.21431958568068965
2.65,0.07656101368611705,1030.9543315590427,252.8089891000051,0.040438929936942945,0.9146752238301242,0.08532477616987574,-0.7694020260974869,-0.21463764340950164
2.675,0.07861649815592642,1028.0786367033886,251.8504241481204,0.04118673078360798,0.9132032896881923,0.0867967103118077,-0.7686542252508218,-0.21495889600551843
2.7,0.08070489853012677,1025.1873587267569,250.88666482257645,0.041940845723718034,0.9117226092019501,0.08827739079804989,-0.7679001103107118,-0.2152833480481216
2.725,0.08282632596697703,1022.2807650151797,249.91780025205068,0.04270125520414392,0.9102333026237865,0.08976669737621351,-0.7671397008302859,-0.21561100413543122
2.75,0.08498088736541072,1019.3591232538183,248.94391966493026,0.04346793950569035,0.9087354904075429,0.09126450959245712,-0.7663730165287395,-0.21594186888363426
2.775,0.0871686853744389,1016.4227013820317,247.9651123743347,0.04424087874369285,0.9072292931894315,0.09277070681056848,-0.765600077290737,-0.2162759469263075
2.8,0.08938981840345127,1013.4717675486498,246.9814677632074,0.045020052868626315,0.9057148317690289,0.09428516823097116,-0.7648209031658035,-0.21661324291373543
2.825,0.09164438063340617,1010.5065900674696,245.99307526948073,0.04580544166672537,0.9041922270903484,0.09580777290965153,-0.7640355143677044,-0.2169537615122223
2.85,0.0939324620289009,1007.5274373729795,245.00002437131727,0.04659702476061656,0.9026616002229984,0.09733839977700166,-0.7632439312738133,-0.2172975074033992
2.875,0.0962541483511132,1004.5345779763218,244.0024045724314,0.04739478160996253,0.901123072343426,0.09887692765657402,-0.7624461744244673,-0.21764448528352598
2.9,0.09860952117160429,1001.5282804215104,243.00030538749425,0.04819869151211827,0.8995767647162564,0.10042323528374364,-0.7616422645223115,-0.21799469986278763
2.925,0.10099865788697401,998.5088132419054,241.99381632762598,0.049008733602799524,0.8980227986757265,0.10197720132427346,-0.7608322224316303,-0.218348155864586
2.95,0.1034216317343583,995.4764449169618,240.98302688597812,0.049824886856763395,0.896461295607221,0.10353870439277899,-0.7600160691776665,-0.21870485802482603
2.975,0.10587851180775855,992.4314438292578,239.96802652341003,0.050647130088501344,0.8948923769289121,0.10510762307108784,-0.7591938259459285,-0.21906481109119735
3.0,0.10836936307519304,989.3740782218139,238.94890465426212,0.051475441952944595,0.8933161640735094,0.10668383592649061,-0.7583655140814852,-0.21942801982245055
3.025,0.11089424639665961,986.3046161557158,237.9257506322294,0.05230980094618202,0.8917327784701213,0.10826722152987862,-0.7575311550882479,-0.2197944889876688
3.05,0.11345321854289891,983.2233254680432,236.89865373633856,0.05315018540619063,0.8901423415262348,0.10985765847376512,-0.7566907706282392,-0.2201642233655347
3.075,0.11604633221494773,980.1304737301225,235.86770315703168,0.053996573513578734,0.8885449746098142,0.11145502539018581,-0.7558443825208511,-0.2205372277435921
3.1,0.11867363606447039,977.0263282061054,234.83298798235927,0.05484894329234183,0.886940799031525,0.11305920096847503,-0.754992012742088,-0.2209135069175034
3.125,0.12133517471485816,973.9111558118861,233.7945971842862,0.05570727261063129,0.8853299360270861,0.1146700639729139,-0.7541336834237986,-0.22129306569030227
3.15,0.1240309887830842,970.7852230743684,232.7526196051137,0.05657153918153599,0.8837125067397531,0.11628749326024693,-0.7532694168528938,-0.2216759088716417
3.175,0.12676111490230288,967.6487960910843,231.7071439440189,0.05744172056387682,0.8820886322029368,0.11791136779706324,-0.752399235470553,-0.22206204127703735
3.2,0.12952558574518172,964.5021404901767,230.65825874371643,0.05831779416301424,0.8804584333229608,0.1195415666770392,-0.7515231618714157,-0.2224514677271069
3.225,0.1323244300479537,961.3455213907605,229.60605237724425,0.05919973723166893,0.8788220308619611,0.1211779691380389,-0.7506412188027609,-0.2228441930468048
3.25,0.13515767263517814,958.1792033636557,228.55061303487608,0.060087526870755546,0.8771795454209309,0.12282045457906905,-0.7497534291636743,-0.22324022206465266
3.275,0.13802533444519763,955.0034503925175,227.4920287111633,0.06098114003022969,0.8755310974229147,0.12446890257708526,-0.7488598160042002,-0.22363955961196555
3.3,0.1409274325562789,951.8185258353553,226.43038719210924,0.06188055350994812,0.8738768070963538,0.12612319290364618,-0.7479604025244817,-0.22404221052207424
3.325,0.14386398021342456,948.6246923864626,225.36577604247833,0.06278574396054225,0.8722167944585874,0.12778320554141262,-0.7470552120738876,-0.2244481796295431
3.35,0.14683498685584376,945.4222120387532,224.29828259324182,0.06369668788430494,0.8705511792995118,0.1294488207004883,-0.7461442681501249,-0.22485747176938442
3.375,0.1498404581450683,942.2113460465193,223.22799392916397,0.0646133616360908,0.8688800811654003,0.1311199188345997,-0.7452275943983391,-0.22527009177626844
3.4,0.15288039599370176,938.9923548886158,222.15499687652934,0.06553574142422978,0.8672036193428886,0.1327963806571114,-0.7443052146102,-0.22568604448372992
3.425,0.1559547985947882,935.7654982320721,221.0793779910149,0.06646380331145427,0.8655219128431252,0.1344780871568748,-0.7433771527229756,-0.22610533472337055
3.45,0.15906366045178763,932.531034896153,220.0012235457085,0.0673975232158397,0.8638350803860932,0.13616491961390673,-0.7424434328185902,-0.22652796732405828
3.475,0.16220697240914497,929.2892228168553,218.9206195192759,0.06833687691175862,0.862143240385104,0.13785675961489594,-0.7415040791226712,-0.22695394711112257
3.5,0.16538472168343893,926.0403190118634,217.8376515842786,0.06928184003084839,0.8604465109314656,0.13955348906853435,-0.7405591160035815,-0.2273832789055465
3.525,0.16859689189509747,922.7845795459608,216.75240509564438,0.0702323880629924,0.8587450097793294,0.1412549902206705,-0.7396085679714375,-0.22781596752315536
3.55,0.17184346310066675,919.5222594969064,215.66496507929293,0.07118849635731479,0.8570388543307168,0.14296114566928325,-0.738652459677115,-0.22825201777380197
3.575,0.17512441182561922,916.2536129217802,214.5754162209176,0.07215014012318896,0.8553281616207273,0.14467183837927264,-0.7376908159112409,-0.22869143446054868
3.6,0.178439711097688,912.978892823806,213.4838428549262,0.07311729443125949,0.8536130483029338,0.14638695169706614,-0.7367236616031704,-0.22913422237884667
3.625,0.18178933048071333,909.6983511196521,212.3903289535415,0.07408993421447778,0.8518936306349624,0.14810636936503763,-0.7357510218199521,-0.22958038631571187
3.65,0.1851732361089875,906.4122386072208,211.29495811606444,0.07506803426915133,0.8501700244642627,0.14982997553573735,-0.7347729217652785,-0.23002993104889796
3.675,0.18859139072208422,903.1208049339276,210.19781355829997,0.07605156925600656,0.8484423452140698,0.1515576547859302,-0.7337893867784233,-0.2304828613460668
3.7,0.1920437537001593,899.8242985654748,209.09897810214903,0.0770405137012653,0.8467107078695588,0.15328929213044115,-0.7328004423331645,-0.230939181963956
3.725,0.19553028109970752,896.5229667551276,207.99853416536672,0.07803484199773485,0.8449752269641951,0.1550247730358049,-0.731806114036695,-0.23139889764754384
3.75,0.19905092568976301,893.2170555134935,206.89656375148869,0.07903452840591164,0.8432360165662814,0.15676398343371858,-0.7308064276285182,-0.23186201312921195
3.775,0.20260563698852832,889.9068095788081,205.7931484399269,0.08003954705509854,0.8414931902657042,0.15850680973429576,-0.7298014089793313,-0.2323285331279052
3.8,0.20619436130041877,886.5924723877366,204.68836937623638,0.08104987194453557,0.8397468611608807,0.16025313883911932,-0.7287910840898942,-0.23279846234828946
3.825,0.20981704175350743,883.2742860466897,203.58230726255405,0.08206547694454427,0.8379971418459075,0.16200285815409257,-0.7277754790898856,-0.23327180547990733
3.85,0.2134736183373574,879.9524913036587,202.4750423482104,0.08308633579768557,0.8362441443979138,0.16375585560208616,-0.7267546202367443,-0.23374856719633172
3.875,0.21716402794122705,876.6273275205751,201.36665442051586,0.08411242211993099,0.8344879803646199,0.1655120196353801,-0.7257285339144989,-0.2342287521543171
3.9,0.2208882043926344,873.2990326461945,200.25722279572236,0.08514370940184746,0.8327287607521012,0.16727123924789875,-0.7246972466325824,-0.23471236499294942
3.925,0.2246460784962661,869.9678431895109,199.14682631016115,0.0861801710097954,0.8309665960127618,0.1690334039872382,-0.7236607850246345,-0.23519941033279396
3.95,0.228437578073218,866.6339941937013,198.0355433115579,0.08722178018714019,0.829201596033516,0.17079840396648405,-0.7226191758472896,-0.2356898927750417
3.975,0.2322626280005524,863.2977192106046,196.92345165052566,0.08826851005547691,0.827433870124181,0.172566129875819,-0.721572445978953,-0.23618381690065385
4.0,0.23612115025115837,859.9592502757389,195.81062867223716,0.08932033361586837,0.8256635270060808,0.17433647299391916,-0.7205206224185615,-0.2366811872695056
4.025,0.24001306393390193,856.618817883855,194.69715120827578,0.09037722375009628,0.8238906748008625,0.1761093251991374,-0.7194637322843336,-0.23718200841952786
4.05,0.24393828533405076,853.2766509650303,193.5830955686676,0.09143915322192554,0.8221154210195261,0.17788457898047388,-0.7184018028125043,-0.23768628486584834
4.075,0.24789672795396095,849.932976861308,192.46853753409346,0.09250609467838161,0.8203378725516681,0.17966212744833182,-0.7173348613560482,-0.23819402109993137
4.1,0.2518883025540116,846.5880213038749,191.3535523482825,0.09357802065104083,0.8185581356549416,0.1814418643450584,-0.716262935383389,-0.23870522158871674
4.125,0.25591291719377285,843.2420083907905,190.23821471058767,0.09465490355733366,0.8167763159447299,0.18322368405527015,-0.7151860524770962,-0.239219890773758
4.15,0.259970477273395,839.8951605652555,189.12259876874265,0.09573671570186079,0.8149925183840385,0.18500748161596142,-0.714104240332569,-0.23973803307035976
4.175,0.2640608855752038,836.5476985944334,188.0067781118019,0.09682342927772192,0.8132068472736036,0.18679315272639643,-0.7130175267567079,-0.24025965286671452
4.2,0.2681840423054892,833.1998415488154,186.89082576326263,0.09791501636785722,0.8114194062422164,0.18858059375778358,-0.7119259396665726,-0.2407847545230392
4.225,0.27233984513647375,829.8518067821379,185.7748141743701,0.0990114489464014,0.809630298237268,0.19036970176273202,-0.7108295070880284,-0.2413133423707112
4.25,0.27652818924844735,826.503809911844,184.65881521760548,0.10011269888005017,0.80783962551551,0.19216037448448997,-0.7097282571543797,-0.24184542071140425
4.275,0.28074896737205485,823.1560648000988,183.542900180357,0.10121873792943913,0.8060474896340354,0.19395251036596461,-0.7086222181049907,-0.24238099381622458
4.3,0.28500206983072374,819.8087835353494,182.42713975877396,0.10232953775053485,0.8042539914414766,0.19574600855852345,-0.707511418283895,-0.24292006592484647
4.325,0.28928738458321784,816.4621764144385,181.31160405180364,0.1034450698960382,0.8024592310694234,0.19754076893057665,-0.7063958861383917,-0.2434626412446486
4.35,0.2936047972663056,813.1164519252607,180.196362555411,0.10456530581679957,0.8006633079240593,0.1993366920759407,-0.7052756502176303,-0.2440087239498505
4.375,0.29795419123752787,809.7718167299715,179.08148415698136,0.10569021686324616,0.7988663206780167,0.20113367932198334,-0.7041507391711836,-0.24455831818064944
4.4,0.30233544761805414,806.4284756487422,177.9670371299049,0.10681977428682095,0.7970683672624507,0.20293163273754933,-0.7030211817476089,-0.24511142804235803
4.425,0.3067484453356137,803.0866316440595,176.85308912834395,0.10795394924143338,0.7952695448593318,0.2047304551406682,-0.7018870067929964,-0.24566805760454233
4.45,0.31119306116748907,799.7464858055712,175.7397071821812,0.10909271278492161,0.7934699498939568,0.20653005010604325,-0.7007482432495082,-0.2462282109001611
4.475,0.31566916978355963,796.4082373354785,174.62695769215037,0.11023603588052605,0.7916696780276776,0.20833032197232237,-0.6996049201539039,-0.24679189192470571
4.5,0.3201766437893823,793.0720835344667,173.51490642514645,0.11138388939837429,0.7898688241508486,0.2101311758491514,-0.6984570666360556,-0.24735910463534172
4.525,0.32471535376929755,789.7382197881798,172.4036185097174,0.11253624411697707,0.7880674823759901,0.21193251762400994,-0.6973047119174528,-0.2479298529500508
4.55,0.32928516832954907,786.4068395542326,171.293158431735,0.11369307072473524,0.7862657460311695,0.21373425396883045,-0.6961478853096946,-0.24850414074677518
4.575,0.33388595414140376,783.0781343497628,170.18359003024506,0.11485433982145749,0.7844637076535993,0.21553629234640073,-0.6949866162129723,-0.24908197186256267
4.6,0.33851757598426097,779.7522937395157,169.07497649349602,0.11602002191988882,0.782661458983449,0.21733854101655106,-0.693820934114541,-0.24966335009271387
4.625,0.34317989678873984,776.4295053244632,167.96738035514522,0.11719008744724947,0.7808590909578741,0.21914090904212585,-0.6926508685871804,-0.2502482791899312
4.65,0.34787277767973174,773.1099547309547,166.8608634906424,0.11836450674678416,0.7790566937052585,0.2209433062947414,-0.6914764492876457,-0.2508367628634694
4.675,0.3525960780194073,769.7938256003938,165.75548711378875,0.11954325007932151,0.7772543565396703,0.22274564346032963,-0.6902977059551083,-0.25142880477828883
4.7,0.35734965545016645,766.4812995794421,164.65131177347155,0.12072628762484348,0.7754521679555305,0.2245478320444695,-0.6891146684095864,-0.25202440855421027
4.725,0.3621333659375207,763.1725563107473,163.54839735057328,0.12191358948406462,0.7736502156224939,0.22634978437750605,-0.6879273665503652,-0.2526235777650726
4.75,0.3669470638128955,759.8677734241868,162.44680305505312,0.1231051256800209,0.7718485863805407,0.2281514136194594,-0.686735830354409,-0.2532263159378928
4.775,0.3717906018163433,756.5671265286327,161.34658742320178,0.12430086615966805,0.770047366235277,0.229952633764723,-0.6855400898747618,-0.25383262655202843
4.8,0.37666383113915564,753.2707892042272,160.2478083150666,0.1255007807954892,0.7682466403534465,0.2317533596465535,-0.6843401752389406,-0.25444251303834314
4.825,0.38156660146636345,749.9789329951693,159.15052291204725,0.12670483938711152,0.7664464930586469,0.2335535069413531,-0.6831361166473183,-0.25505597877837494
4.85,0.38649876101911695,746.6917274030072,158.05478771465994,0.12791301166293173,0.7646470078272551,0.2353529921727449,-0.6819279443714981,-0.2556730271035076
4.875,0.391460156596932,743.4093398804355,156.96065854046935,0.12912526728175033,0.7628482672845566,0.2371517327154434,-0.6807156887526795,-0.2562936612941451
4.9,0.39645063361979604,740.1319358255888,155.86819052218715,0.13034157583441439,0.7610503532010794,0.2389496467989206,-0.6794993802000154,-0.2569178845788898
4.925,0.4014700361701213,736.8596785768334,154.77743810593526,0.1315619068454684,0.7592533464891302,0.2407466535108697,-0.6782790491889614,-0.2575457001337234
4.95,0.40651820703453617,733.5927294080464,153.68845504967294,0.1327862297748134,0.7574573271995328,0.24254267280046718,-0.6770547262596165,-0.25817711108119207
4.975,0.4115949877455071,730.3312475243873,152.6012944217866,0.13401451401937384,0.7556623745185648,0.24433762548143526,-0.675826442015056,-0.25881212048959545
5.0,0.41670021862277773,727.0753900585472,151.5160085998399,0.13524672891477205,0.7538685667650945,0.2461314332349055,-0.6745942271196578,-0.2594507313721788
5.025,0.4218337388146201,723.8253120674791,150.43264926948385,0.13648284373701022,0.7520759813879142,0.24792401861208582,-0.6733581122974196,-0.26009294668632976
5.05,0.4269953863388866,720.5811665296018,149.35126742352477,0.13772282770415953,0.7502846949632682,0.24971530503673178,-0.6721181283302703,-0.26073876933277923
5.075,0.4321849981238543,717.3431043424728,148.2719133611484,0.13896664997805616,0.7484947831925757,0.2515052168074244,-0.6708743060563737,-0.26138820215480657
5.1,0.4374024100488529,714.111274320926,147.1946366872995,0.14021427966600425,0.7467063209003446,0.2532936790996554,-0.6696266763684255,-0.26204124793744876
5.125,0.44264745698466845,710.8858231956698,146.11948631221406,0.14146568582248503,0.7449193820322779,0.25508061796772213,-0.6683752702119448,-0.2626979094067147
5.15,0.44791997283371404,707.666895612339,145.04651045110384,0.14272083745087263,0.7431340396535662,0.2568659603464338,-0.6671201185835572,-0.26335818922880416
5.175,0.4532197905699589,704.4546341309982,143.97575662399024,0.14397970350515552,0.7413503659473696,0.2586496340526304,-0.6658612525292743,-0.26402209000933113
5.2,0.45854674227860903,701.2491792260885,142.90727165568697,0.14524225289166404,0.7395684322134832,0.26043156778651677,-0.6645987031427658,-0.26468961429255256
5.225,0.46390065919553064,698.0506692868153,141.84110167592925,0.14650845447080332,0.7377883088671874,0.2622116911328126,-0.6633325015636266,-0.26536076456060226
5.25,0.46928137174640955,694.8592406179698,140.77729211964746,0.14777827705879154,0.7360100654382784,0.26398993456172154,-0.6620626789756383,-0.26603554323272965
5.275,0.4746887095856387,691.6750274411805,139.71588772738434,0.14905168942940325,0.7342337705702797,0.2657662294297202,-0.6607892666050266,-0.2667139526645443
5.3,0.480122501634927,688.4981618965867,138.65693254585304,0.1503286603157175,0.7324594920198304,0.26754050798016965,-0.6595122957187123,-0.26739599514726564
5.325,0.4855825761216217,685.3287740449324,137.60046992863496,0.15160915841187056,0.7306872966562492,0.2693127033437508,-0.6582317976225593,-0.26808167290697854
5.35,0.4910687606167384,682.1669918700716,136.54654253701472,0.15289315237481269,0.7289172504612736,0.27108274953872635,-0.6569478036596171,-0.26877098810389505
5.375,0.49658088207269235,679.0129412818806,135.49519234095104,0.15418061082606935,0.7271494185289692,0.2728505814710308,-0.6556603452083605,-0.2694639428316207
5.4,0.5021187668607224,675.8667461195726,134.44646062018168,0.15547150235350587,0.7253838650658094,0.27461613493419057,-0.6543694536809239,-0.27016053911642857
5.425,0.5076822408080048,672.728528155406,133.40038796545952,0.15676579551309577,0.7236206533909233,0.2763793466090767,-0.6530751605213341,-0.27086077891653826
5.45,0.5132711292344468,669.5984070987854,132.3570142799193,0.1580634588306922,0.7218598459365082,0.27814015406349174,-0.6517774972037377,-0.2715646641214018
5.475,0.5188852569891584,666.4765006007433,131.31637878057194,0.15936446080380254,0.7201015042484065,0.27989849575159353,-0.6504764952306273,-0.27227219655099555
5.5,0.524524448486593,663.3629242588019,130.27851999992478,0.16066876990336565,0.7183456889868428,0.2816543110131572,-0.6491721861310642,-0.2729833779551189
5.525,0.5301885277423527,660.257791622205,129.24347578772588,0.16197635457553144,0.7165924599273217,0.2834075400726783,-0.6478646014588985,-0.27369821001269956
5.55,0.5358773184086546,657.1612141975193,128.2112833128306,0.16328718324344285,0.7148418759616808,0.28515812403831925,-0.646553772790987,-0.27441669433110594
5.575,0.5415906438094504,654.0733014545901,127.18197906518753,0.1646012243090195,0.7130939950992995,0.2869060049007005,-0.6452397317254104,-0.2751388324454654
5.6,0.5473283269751953,650.9941608328554,126.15559885794265,0.16591844615474308,0.7113488744684604,0.2886511255315396,-0.6439225098796868,-0.2758646258179911
5.625,0.5530901906772616,647.9238977480059,125.13217782965944,0.16723881714544414,0.7096065703178603,0.29039342968213966,-0.6426021388889858,-0.2765940758373144
5.65,0.5588760574619934,644.8626155989848,124.11175044665242,0.16856230563008992,0.7078671380182695,0.29213286198173044,-0.64127865040434,-0.2773271838178259
5.675,0.5646857496843961,641.810415775326,123.0943505054328,0.16988887994357285,0.7061306320643372,0.2938693679356628,-0.639952076090857,-0.27806395099902265
5.7,0.5705190895414574,638.7673976648173,122.08001113526325,0.1712185084084998,0.7043971060765394,0.2956028939234606,-0.63862244762593,-0.2788043785448637
5.725,0.5763758991050957,635.7336586614892,121.0687648008206,0.17255115933698142,0.702666612803269,0.2973333871967309,-0.6372897966974485,-0.27954846754313284
5.75,0.5822560003547336,632.7092941739188,120.06064330496375,0.17388680103242146,0.7009392041230642,0.2990607958769358,-0.6359541550020084,-0.28029621900480933
5.775,0.588159215209489,629.6943976338421,119.05567779160484,0.1752254017913058,0.6992149310469729,0.3007850689530272,-0.634615554243124,-0.28104763386344583
5.8,0.5940853655599845,626.6890605050723,118.05389874868163,0.1765669299049909,0.6974938437210516,0.30250615627894833,-0.633274026129439,-0.28180271297455506
5.825,0.6000342732997694,623.6933722927146,117.05533601122903,0.1779113536614913,0.6957759914289975,0.3042240085710025,-0.6319296023729386,-0.282561457115004
5.85,0.6060057603563518,620.7074205526695,116.06001876454734,0.17925864134726605,0.6940614225949064,0.3059385774050935,-0.6305823146871639,-0.28332386698241646
5.875,0.6119996487218373,617.7312909014238,115.06797554746541,0.18060876124900357,0.6923501847861622,0.3076498152138379,-0.6292321947854262,-0.28408994319458325
5.9,0.6180157604831729,614.7650670261166,114.0792342556964,0.18196168165540494,0.6906423247164465,0.3093576752835535,-0.6278792743790249,-0.2848596862888817
5.925,0.6240539178519918,611.8088306948799,113.09382214528414,0.183317370858965,0.6889378882488749,0.3110621117511251,-0.6265235851754649,-0.28563309672170284
5.95,0.6301139431940586,608.8626617674404,112.11176583613764,0.1846757971577513,0.6872369203992496,0.31276307960075045,-0.6251651588766786,-0.2864101748678875
5.975,0.6361956590583092,605.926638205984,111.13309131565217,0.18603692885718037,0.6855394653394313,0.3144605346605686,-0.6238040271772495,-0.28719092102017063
6.0,0.6422988882054886,603.0008360862696,110.15782394241404,0.1874007342717913,0.6838455664008265,0.31615443359917345,-0.6224402217626386,-0.2879753353886347
6.025,0.6484234536363789,600.0853296089908,109.18598844998776,0.18876718172701584,0.6821552660779859,0.317844733922014,-0.621073774307414,-0.28876341810017186
6.05,0.6545691786196204,597.1801911113754,108.21760895078263,0.1901362395609455,0.6804686060323151,0.31953139396768493,-0.6197047164734844,-0.2895551691979547
6.075,0.6607358867191209,594.2854910790197,107.25270893999743,0.19150787612609457,0.6787856270958914,0.32121437290410854,-0.6183330799083353,-0.29035058864091645
6.1,0.6669234018210537,591.4012981579483,106.29131129964028,0.19288205979115944,0.6771063692753883,0.3228936307246117,-0.6169588962432704,-0.2911496763032398
6.125,0.6731315481604431,588.5276791668946,105.33343830262235,0.19425875894277342,0.6754308717561005,0.3245691282438995,-0.6155821970916564,-0.29195243197385484
6.15,0.6793601503473334,585.6646991097955,104.37911161692269,0.19563794198725726,0.6737591729060723,0.3262408270939277,-0.6142030140471726,-0.29275885535594687
6.175,0.685609033392545,582.8124211884941,103.4283523098222,0.19701957735236458,0.6720913102803225,0.32790868971967746,-0.6128213786820653,-0.2935689460664726
6.2,0.6918780227330119,579.9709068156428,102.48118085220513,0.1984036334890224,0.6704273206251666,0.32957267937483337,-0.6114373225454075,-0.2943827036356866
6.225,0.6981669442567056,577.1402156278033,101.53761712292525,0.19979007887306624,0.6687672398826314,0.33123276011736863,-0.6100508771613636,-0.2952001275066764
6.25,0.7044756243271376,574.3204054987327,100.5976804132351,0.20117888200696946,0.6671111031949621,0.33288889680503786,-0.6086620740274604,-0.2960212170349075
6.275,0.7108038898074468,571.5115325528564,99.66138943127628,0.20257001142156686,0.6654589449092178,0.33454105509078225,-0.607270944612863,-0.2968459714877783
6.3,0.7171515680840685,568.7136511789124,98.72876230662831,0.20396343567777198,0.663810798581953,0.33618920141804703,-0.6058775203566579,-0.2976743900441838
6.325,0.7235184870899846,565.9268140437712,97.79981659491457,0.2053591233682879,0.6621666969839846,0.3378333030160155,-0.604481832666142,-0.29850647179408973
6.35,0.729904475327555,563.1510721064158,96.87456928246274,0.20675704311931137,0.6605266721052394,0.33947332789476065,-0.6030839129151184,-0.29934221573811665
6.375,0.7363093618909331,560.3864746320814,95.953036791018,0.20815716359222988,0.6588907551596822,0.3411092448403178,-0.6016837924421999,-0.3001816207871327
6.4,0.7427329764880617,557.6330692065487,95.03523498250708,0.20955945348531155,0.6572589765903211,0.34274102340967894,-0.6002815025491183,-0.3010246857618576
6.425,0.7491751494622527,554.89090175058,94.12117916385084,0.21096388153538737,0.6556313660742863,0.3443686339257137,-0.5988770744990425,-0.3018714093924759
6.45,0.7556357118133495,552.1600165344983,93.21088409182357,0.21237041651952576,0.654007952527984,0.345992047472016,-0.597470539514904,-0.3027217903182603
6.475,0.7621144952184737,549.4404561928991,92.3043639779572,0.21377902725669898,0.6523887641123184,0.3476112358876816,-0.5960619287777309,-0.30357582708720476
6.5,0.7686113320523572,546.7322617394917,91.40163249348808,0.21518968260944127,0.6507738282379832,0.34922617176201676,-0.5946512734249886,-0.3044335181556687
6.525,0.7751260554072581,544.0354725820614,90.50270277434463,0.21660235148549845,0.6491631715708186,0.3508368284291814,-0.5932386045489314,-0.30529486188802984
6.55,0.7816584991124662,541.3501265375497,89.60758742617408,0.21801700283946862,0.6475568200372314,0.35244317996276864,-0.5918239531949612,-0.30615985655634853
6.575,0.7882084977533942,538.6762598472455,88.71629852940603,0.2194336056744339,0.6459547988296773,0.3540452011703227,-0.5904073503599959,-0.3070285003400415
6.6,0.7947758866902592,536.0139071920811,87.8288476443512,0.22085212904358276,0.6443571324122023,0.35564286758779773,-0.5889888269908471,-0.30790079132556625
6.625,0.8013605020763546,533.3631017080277,86.9452458163334,0.2222725420518228,0.6427638445260401,0.3572361554739599,-0.5875684139826071,-0.3087767275061156
6.65,0.8079621808759146,530.723875001586,86.06550358085282,0.22369481385738385,0.6411749581952659,0.358825041804734,-0.586146142177046,-0.30965630678132255
6.675,0.8145807608815723,528.0962571653649,85.18963096877916,0.2251189136734108,0.6395904957325018,0.3604095042674982,-0.5847220423610191,-0.3105395269569754
6.7,0.8212160807314121,525.4802767937434,84.31763751157199,0.22654481076954633,0.6380104787446728,0.36198952125532724,-0.5832961452648835,-0.31142638574474363
6.725,0.8278679799256221,522.8759609986101,83.44953224652755,0.22797247447350302,0.6364349281388116,0.36356507186118836,-0.5818684815609269,-0.3123168807619133
6.75,0.8345362988427434,520.2833354251757,82.5853237220494,0.22940187417262486,0.6348638641279101,0.36513613587209,-0.580439081861805,-0.3132110095311341
6.775,0.841220878755522,517.7024242678522,81.72502000294156,0.23083297931543756,0.6332973062368134,0.36670269376318665,-0.5790079767189923,-0.31410876948017613
6.8,0.8479215618463635,515.1332502861944,80.86862867572229,0.2322657594131878,0.6317352733081587,0.36826472669184135,-0.577575196621242,-0.31501015794169657
6.825,0.8546381912223935,512.5758348208984,80.01615685395696,0.23370018404137116,0.630177783508352,0.3698222164916481,-0.5761407719930587,-0.31591517215301795
6.85,0.8613706109301273,510.03019780985113,79.16761118360789,0.2351362228412481,0.6286248543335837,0.37137514566641633,-0.5747047331931817,-0.3168238092559165
6.875,0.8681186659697473,507.4963578042278,78.32299784840009,0.23657384552134844,0.6270765026158813,0.37292349738411873,-0.5732671105130814,-0.3177360662964204
6.9,0.874882202308996,504.97433198462966,77.48232257520074,0.23801302185896347,0.6255327445291943,0.3744672554708058,-0.5718279341754664,-0.3186519402246195
6.925,0.8816610668966823,502.46413617726046,76.645590639411,0.23945372170162602,0.623993595595513,0.37600640440448696,-0.5703872343328038,-0.3195714278944846
6.95,0.8884551076758074,499.9657848701332,75.81280687036856,0.2408959149685779,0.6224590706910171,0.37754092930898286,-0.568945041065852,-0.3204945260636977
6.975,0.8952641735963108,497.47929122930566,74.9839756567594,0.24233957165222475,0.620929184052252,0.3790708159477481,-0.5675013843822051,-0.32142123139349316
7.0,0.9020881146274388,495.004667115138,74.15910095203682,0.2437846618195779,0.6194039492823321,0.3805960507176679,-0.5660562942148519,-0.32235154044850817
7.025,0.9089267817697415,492.5419230985682,73.3381862798469,0.24523115561368328,0.6178833793571694,0.3821166206428306,-0.5646098004207466,-0.32328544969664486
7.05,0.9157800270666981,490.091068477402,72.52123473945818,0.24667902325503702,0.6163674866317232,0.38363251336827675,-0.5631619327793929,-0.32422295550894237
7.075,0.9226477036159736,487.6521112926106,71.70824901119438,0.24812823504298756,0.6148562828462723,0.3851437171537277,-0.5617127209914423,-0.3251640541594594
7.1,0.9295296655803128,485.22505834463425,70.89923136186891,0.2495787613571242,0.6133497791327052,0.3866502208672948,-0.5602621946773056,-0.32610874182516725
7.125,0.9364257681980718,482.80991520968564,70.09418365021936,0.25103057265865175,0.6118479860208288,0.38815201397917126,-0.558810383375778,-0.3270570145858532
7.15,0.9433358677933912,480.40668625604894,69.2931073323405,0.25248363949175134,0.6103509134446914,0.3896490865553086,-0.5573573165426785,-0.3280088684240342
7.175,0.9502598217860146,478.0153746603726,68.49600346711503,0.25393793248492685,0.6088585707489212,0.39114142925107875,-0.555903023549503,-0.32896429922488185
7.2,0.9571974887007554,475.6359824239474,67.70287272163996,0.2553934223523373,0.6073709666950755,0.3926290333049245,-0.5544475336820925,-0.3299233027761563
7.225,0.9641487281766151,473.2685103889706,66.91371537664772,0.2568500798951146,0.6058881094680012,0.3941118905319988,-0.5529908761393152,-0.3308858747681513
7.25,0.971113400975558,470.9129582547889,66.12853133192046,0.25830787600266647,0.6044100066822042,0.39558999331779576,-0.5515330800317634,-0.33185201079364957
7.275,0.9780913689909416,468.56932459411735,65.34732011169662,0.259766781653965,0.6029366653882262,0.3970633346117738,-0.5500741743804649,-0.3328217063478885
7.3,0.9850824952556116,466.237606869231,64.57008087006783,0.26122676791881994,0.6014680920790265,0.3985319079209735,-0.5486141881156099,-0.3337949568285357
7.325,0.9920866439496626,463.91780144812475,63.796812396365745,0.26268780595913693,0.6000042926963687,0.3999957073036314,-0.5471531500752929,-0.334771757535675
7.35,0.9991036804078662,461.6099036206379,63.02751312053679,0.2641498670301606,0.5985452726372094,0.4014547273627907,-0.5456910890042692,-0.33575210367180236
7.375,1.0061334711267735,459.31390761454014,62.2621811185042,0.26561292248170226,0.5970910367600883,0.40290896323991165,-0.5442280335527276,-0.3367359903418325
7.4,1.0131758837714928,457.02980661157545,61.500814117515986,0.26707694375935204,0.5956415893915183,0.40435841060848166,-0.5427640122750779,-0.3377234125531152
7.425,1.0202307871821503,454.7575927634601,60.743409501477515,0.2685419024056755,0.5941969343323721,0.40580306566762786,-0.5412990536287543,-0.33871436521546155
7.45,1.027298051380031,452.49725720783135,59.98996431626795,0.27000777006139426,0.5927570748642672,0.4072429251357328,-0.5398331859730356,-0.3397088431411798
7.475,1.0343775475734107,450.24879008414496,59.240475275039145,0.2714745184665511,0.5913220137559452,0.4086779862440548,-0.5383664375678787,-0.34070684104512267
7.5,1.0414691481630773,448.0121805495157,58.49493876349605,0.2729421194616587,0.5898917532696452,0.41010824673035484,-0.5368988365727712,-0.34170835354474255
7.525,1.0485727267475498,445.7874167945004,57.75335084515763,0.2744105449888326,0.5884662951674697,0.4115337048325303,-0.5354304110455972,-0.3427133751601583
7.55,1.0556881581279938,443.57448605881905,57.01570726659718,0.2758797670929077,0.5870456407177418,0.41295435928225827,-0.5339611889415221,-0.3437219003142302
7.575,1.0628153183128424,441.37337464701096,56.28200346266118,0.27734975792253846,0.5856297907013515,0.41437020929864854,-0.5324911981118914,-0.344733923332646
7.6,1.0699540845221243,439.1840679440242,55.55223456166554,0.27882048973128304,0.5842187454180916,0.41578125458190834,-0.5310204663031468,-0.34574943844401596
7.625,1.0771043351915008,437.0065504307328,54.826395390568415,0.28029193487867043,0.5828125046929806,0.41718749530701943,-0.5295490211557594,-0.34676843977997723
7.65,1.08426594997602,434.8408056993836,54.104480480118724,0.28176406583125135,0.5814110678825704,0.4185889321174296,-0.5280768902031785,-0.34779092137530854
7.675,1.0914388097535888,432.6868164689655,53.38648406997935,0.2832368551636322,0.5800144338812413,0.4199855661187587,-0.5266041008707977,-0.3488168771680535
7.7,1.0986227966281674,430.54456460050005,52.672400113824196,0.28471027555949247,0.5786226011274782,0.4213773988725218,-0.5251306804749374,-0.34984630099965386
7.725,1.1058177939326927,428.4140311122525,51.96222228440832,0.28618429981258536,0.5772355676101311,0.42276443238986894,-0.5236566562218445,-0.3508791866150918
7.75,1.1130236862317302,426.2951961948582,51.25594397861023,0.28765890082772116,0.5758533308746558,0.4241466691253442,-0.5221820552067087,-0.35191552766304196
7.775,1.1202403593238623,424.1880392263643,50.55355832244561,0.289134051621734,0.5744758880293359,0.42552411197066414,-0.5207069044126958,-0.35295531769603145
7.8,1.1274677002438147,422.0925387871826,49.85505817605171,0.2906097253244313,0.5731032357514831,0.4268967642485169,-0.5192312307099985,-0.3539985501706103
7.825,1.134705597264326,420.0086726749523,49.160436138641614,0.29208589517952643,0.5717353702936163,0.42826462970638374,-0.5177550608549034,-0.3550452184475305
7.85,1.1419539398977652,417.9364179193104,48.46968455342761,0.29356253454555387,0.5703722874896174,0.42962771251038256,-0.516278421488876,-0.35609531579193326
7.875,1.149212618897498,415.875750796567,47.78279551251316,0.2950396168967674,0.569013982760864,0.43098601723913604,-0.5148013391376625,-0.3571488353735463
7.9,1.1564815262590113,413.82664684428516,47.09976086175256,0.296517115824021,0.5676604511223355,0.4323395488776644,-0.5133238402104088,-0.35820577026688877
7.925,1.1637605552207921,411.7890808757605,46.42057220557769,0.2979950050356325,0.5663116871886963,0.4336883128113037,-0.5118459509987974,-0.35926611345148557
7.95,1.1710496002649755,409.76302699440197,45.7452209117915,0.29947325835822963,0.5649676851803487,0.43503231481965127,-0.5103676976762002,-0.3603298578120906
7.975,1.1783485571177534,407.74845860800855,45.07369811632705,0.3009518497375793,0.5636284389294617,0.43637156107053837,-0.5088891062968506,-0.36139699613891696
8.0,1.1856573227495595,405.74534844294385,44.405994727972136,0.30243075323939883,0.5622939418859683,0.4377060581140317,-0.507410202795031,-0.3624675211278776
8.025,1.1929757953750268,403.7536685582032,43.742101433058544,0.3039099430501502,0.560964187123536,0.43903581287646404,-0.5059310129842797,-0.3635414253808327
8.05,1.2003038744527235,401.77339035937393,43.08200870011548,0.30538939347781674,0.5596391673455048,0.44036083265449527,-0.504451562556613,-0.364618701405846
8.075,1.2076414606846757,399.80448461248767,42.425706784486756,0.3068690789526625,0.5583188748907959,0.44168112510920404,-0.5029718770817673,-0.3656993416174494
8.1,1.2149884560156716,397.8469214577607,41.77318573291105,0.3083489740279739,0.5570033017397884,0.44299669826021165,-0.501491982006456,-0.3667833383369149
8.125,1.222344763632362,395.90067042322255,41.12443538806501,0.3098290533807841,0.5556924395201619,0.44430756047983816,-0.5000119026536458,-0.3678706837925354
8.15,1.2297102879621529,393.9657004382327,40.47944539306842,0.31130929181258,0.5543862795127084,0.4456137204872917,-0.49853166422184986,-0.36896137011991287
8.175,1.2370849346718968,392.04197984688153,39.838205195951346,0.3127896642499916,0.5530848126571077,0.44691518734289226,-0.49705129178443824,-0.37005538936225363
8.2,1.2444686106663894,390.12947642127517,39.20070405408257,0.314270145745464,0.5517880295576707,0.44821197044232935,-0.4955708102889658,-0.3711527334706728
8.225,1.25186122408667,388.22815737470467,38.566931038559055,0.3157507114779119,0.5504959204890442,0.44950407951095583,-0.49409024455651795,-0.372253394304505
8.25,1.2592626843081347,386.33798937469544,37.93687503855598,0.31723133675335663,0.549208475401883,0.450791524598117,-0.4926096192810732,-0.3733573636316228
8.275,1.266672901938463,384.45893855593886,37.31052476563715,0.3187119970055459,0.5479256839284834,0.45207431607151666,-0.4911289590288839,-0.374464633128763
8.3,1.2740917888153638,382.590970533103,36.687868758025175,0.32019266779655625,0.5466475353883795,0.4533524646116205,-0.4896482882378736,-0.37557519438185955
8.325,1.281519258004141,380.7340504135218,36.06889538483143,0.32167332481737754,0.5453740187939033,0.45462598120609665,-0.4881676312170523,-0.3766890388863838
8.35,1.2889552237950899,378.888142809763,35.45359285024518,0.32315394388848084,0.5441051228557047,0.45589487714429533,-0.486687012145949,-0.3778061580476919
8.375,1.2963996017007182,377.053211852073,34.84194919768185,0.32463450096036867,0.5428408359882332,0.4571591640117668,-0.4852064550740612,-0.378926543181379
8.4,1.303852308452804,375.22922120069734,34.23395231388995,0.32611497211410784,0.5415811463151812,0.45841885368481883,-0.483725983920322,-0.38005018551364034
8.425,1.31131326199929,373.4161340580776,33.62958993301668,0.3275953335618453,0.5403260416748861,0.459673958325114,-0.48224562247258457,-0.3811770761816385
8.45,1.318782381501017,371.6139131809224,33.02884964063165,0.3290755616473066,0.5390755096256924,0.4609244903743076,-0.48076539438712323,-0.38230720623387837
8.475,1.3262595873283063,369.82252089215416,32.4317188777089,0.3305556328462775,0.5378295374512738,0.4621704625487261,-0.47928532318815237,-0.38344056663058745
8.5,1.333744801057387,368.04191909272737,31.83818494456663,0.33203552376706796,0.5365881121659135,0.46341188783408643,-0.4778054322673619,-0.3845771482441031
8.525,1.3412379454666745,366.27206927332185,31.248235004764812,0.33351521115095983,0.5353512205197422,0.46464877948025785,-0.47632574488347,-0.38571694185926586
8.55,1.3487389445329085,364.5129325259083,30.661856088960274,0.3349946718726369,0.5341188490039352,0.4658811509960648,-0.474846284161793,-0.3868599381738191
8.575,1.3562477234271464,362.7644695551853,30.079035098719277,0.3364738829405981,0.5328909838558671,0.46710901614413286,-0.47336707309383175,-0.3880061277988142
8.6,1.3637642085106216,361.0266406898896,29.499758810287386,0.33795282149755457,0.5316676110642227,0.46833238893577733,-0.4718881345368753,-0.3891555012590225
8.625,1.3712883273304668,359.299405893977,28.924013878316494,0.3394314648208088,0.5304487163740657,0.4695512836259344,-0.470409491213621,-0.3903080489933519
8.65,1.3788200086153077,357.5827247776747,28.35178683954906,0.3409097903226181,0.5292342852918636,0.47076571470813644,-0.46893116571181176,-0.3914637613552702
8.675,1.3863591822707289,355.87655660840517,27.78306411645922,0.3423877755505406,0.5280243030904695,0.47197569690953045,-0.46745318048388923,-0.39262262861323344
8.7,1.3939057793746177,354.18086032158055,27.217832020851024,0.34386539818776535,0.5268187548140594,0.4731812451859406,-0.4659755578466645,-0.3937846409511195
8.725,1.4014597321723867,352.4955945312679,26.65607675741348,0.3453426360534254,0.5256176252830247,0.4743823747169753,-0.46449831998100444,-0.3949497884686677
8.75,1.4090209740720805,350.820717540725,26.09778442723251,0.3468194671028949,0.5244208990988217,0.4755791009011782,-0.46302148893153494,-0.39611806118192294
8.775,1.4165894396393672,349.15618735280685,25.54294103125979,0.34829586942806956,0.5232285606487755,0.47677143935122446,-0.4615450866063603,-0.3972894490236854
8.8,1.4241650645924229,347.5019616802427,24.9915324737384,0.34977182125763095,0.5220405941108384,0.4779594058891616,-0.4600691347767989,-0.39846394184396466
8.825,1.4317477857967051,345.8579979557836,24.44354456558537,0.35124730095729495,0.5208569834583046,0.47914301654169544,-0.4585936550771349,-0.39964152941043957
8.85,1.4393375412596268,344.2242533422208,23.8989630277311,0.3527222870300436,0.5196777124644784,0.48032228753552164,-0.45711866900438625,-0.40082220140892166
8.875,1.446934270125128,342.6006847422745,23.357773494415675,0.3541967581163416,0.5185027647072975,0.48149723529270255,-0.45564419791808825,-0.4020059474438244
8.9,1.4545379126681477,340.9872488083539,22.81996151644215,0.35567069299433646,0.5173321235739107,0.4826678764260893,-0.4541702630400934,-0.40319275703863583
8.925,1.4621484102890068,339.3839019521881,22.28551256438687,0.3571440705800433,0.5161657722652097,0.48383422773479035,-0.4526968854543865,-0.4043826196363967
8.95,1.4697657055076936,337.7906003543279,21.754412031766822,0.35861686992751374,0.515003693800315,0.48499630619968503,-0.4512240861069161,-0.4055755246001817
8.975,1.4773897419580664,336.2072999735201,21.226645238164213,0.3600890702289893,0.5138458710210161,0.4861541289789839,-0.44975188580544057,-0.4067714612135857
9.0,1.485020464381969,334.63395655595224,20.70219743230825,0.3615606508150395,0.5126922865961652,0.4873077134038348,-0.44828030521939033,-0.40797041868121386
9.025,1.4926578186232622,333.0705256443704,20.18105379511431,0.36303159115468453,0.5115429230260256,0.48845707697397445,-0.4468093648797453,-0.4091723861291751
9.05,1.5003017516217774,331.51696258706926,19.663199442680597,0.36450187085550273,0.510397762646573,0.48960223735342706,-0.4453390851789271,-0.4103773526055801
9.075,1.5079522114071964,329.9732225467545,19.148619429242352,0.36597146966372307,0.5092567876337507,0.4907432123662493,-0.4438694863707068,-0.41158530708104263
9.1,1.5156091470928525,328.439260509279,18.63729875008384,0.3674403674643025,0.5081199800076799,0.49188001999232017,-0.4424005885701274,-0.41279623844918395
9.125,1.5232725088694636,326.915031292252,18.129222344408188,0.36890854428098857,0.5069873216368213,0.4930126783631787,-0.4409324117534413,-0.4140101355271419
9.15,1.530942247998798,325.40048955352324,17.624375098165256,0.3703759802763675,0.5058587942420931,0.49414120575790693,-0.43946497575806237,-0.4152269870560819
9.175,1.538618316807274,323.89558979954063,17.122741846837727,0.3718426557518971,0.50473437940094,0.49526562059906,-0.4379983002825327,-0.41644678170171195
9.2,1.5463006686794951,322.40028639358405,16.62430737818552,0.3733085511479261,0.5036140585513587,0.4963859414486414,-0.43653240488650374,-0.4176695080548007
9.225,1.5539892580517287,320.9145335638739,16.129056434948808,0.374773647043698,0.5024978129958744,0.49750218700412563,-0.43506730899073187,-0.418895154631698
9.25,1.561684040405324,319.43828541155665,15.636973717509715,0.37623792415734175,0.501385623905474,0.49861437609452597,-0.4336030318770881,-0.420123709874859
9.275,1.569384972260078,317.97149591856646,15.148043886512998,0.37770136334584786,0.5002774723234906,0.4997225276765093,-0.432139592688582,-0.42135516215337016
9.3,1.5770920111675475,316.514118955365,14.66225156544585,0.3791639456050305,0.4991733391694436,0.5008266608305564,-0.4306770104293994,-0.42258949976347854
9.325,1.5848051157043104,315.06610828855867,14.179581343177055,0.38062565206947585,0.4980732052428315,0.5019267947571685,-0.429215303964954,-0.4238267109291235
9.35,1.592524245465184,313.62741758839474,13.700017776455747,0.3820864640124771,0.4969770512268804,0.5030229487731196,-0.42775449202195276,-0.4250667838024702
9.375,1.6002493610563915,312.1980004361373,13.223545392369942,0.3835463628459554,0.49588485769224533,0.5041151423077547,-0.42629459318847446,-0.4263097064644462
9.4,1.6079804240886937,310.7778103313229,12.750148690765137,0.38500533012036775,0.49479660510066603,0.505203394899334,-0.4248356259140621,-0.42755546692527985
9.425,1.615717397170474,309.3668006988971,12.279812146623206,0.3864633475246014,0.4937122738085781,0.5062877261914219,-0.4233776085098285,-0.42880405312504016
9.45,1.6234602439007881,307.96492489623284,11.812520212401791,0.38792039688585533,0.4926318440706775,0.5073681559293225,-0.4219205591485745,-0.43005545293417985
9.475,1.631208928862381,306.57213622003104,11.348257320334524,0.3893764601695088,0.49155529604344084,0.5084447039565592,-0.4204644958649211,-0.4313096541540789
9.5,1.638963417614664,305.1883879131043,10.887007884692274,0.3908315194789766,0.4904826097885988,0.5095173902114012,-0.41900943655545325,-0.43256664451759086
9.525,1.6467236766866675,303.81363317104467,10.428756304005733,0.39228555705555235,0.4894137652765669,0.5105862347234331,-0.4175553989788775,-0.43382641168959
9.55,1.6544896735699588,302.4478251487762,9.973486963249576,0.3937385552782386,0.48834874238982884,0.5116512576101712,-0.41610240075619126,-0.4350889432675204
9.575,1.6622613767115377,301.090916966993,9.521184235988505,0.3951904966635649,0.4872875209262776,0.5127124790737224,-0.4146504593708649,-0.43635422678194635
9.6,1.6700387555067036,299.74286171848377,9.071832486485436,0.39664136386539356,0.4862300806025097,0.5137699193974903,-0.4131995921690363,-0.43762224969710367
9.625,1.6778217802919018,298.40361247434384,8.625416071772129,0.39809113967471316,0.4851764010570768,0.5148235989429232,-0.4117498163597167,-0.43889299941145277
9.65,1.6856104223375488,297.07312229007516,8.181919343682566,0.3995398070194203,0.4841264618536927,0.5158735381463073,-0.4103011490150095,-0.4401664632582321
9.675,1.6934046538408367,295.7513442115755,7.741326650849327,0.40098734896408955,0.4830802424843955,0.5169197575156045,-0.4088536070703403,-0.44144262850601335
9.7,1.7012044479185255,294.4382312810175,7.303622340663343,0.4024337487097316,0.48203772237266773,0.5179622776273323,-0.40740720732469826,-0.4427214823592566
9.725,1.7090097785997134,293.1337365426192,6.868790761197239,0.40387898959354,0.4809988808765111,0.5190011191234889,-0.40596196644088983,-0.44400301195886693
9.75,1.7168206208185988,291.83781304830546,6.436816263092668,0.4053230550886267,0.4799636972914795,0.5200363027085205,-0.40451790094580314,-0.44528720438275127
9.775,1.724636950407231,290.5504138632631,6.007683201411869,0.4067659288037462,0.4789321508536679,0.5210678491463321,-0.40307502723068367,-0.44657404664637584
9.8,1.7324587440882473,289.27149207138893,5.5813759374538225,0.4082075944830086,0.4779042207426587,0.5220957792573413,-0.40163336155142126,-0.4478635257033243
9.825,1.7402859794676073,288.0010007806334,5.157878840535296,0.4096480360055822,0.4768798860844259,0.5231201139155741,-0.40019292002884765,-0.44915562844585555
9.85,1.7481186350273166,286.7388931282387,4.737176289737101,0.4110872373853849,0.475859125954196,0.524140874045804,-0.39875371864904496,-0.4504503417054627
9.875,1.7559566901181478,285.4851222858752,4.319252675615902,0.41252518277076516,0.4748419193792677,0.5251580806207323,-0.3973157732636647,-0.4517476522534314
9.9,1.7638001249523607,284.2396414646732,3.9040924018818943,0.4139618564441729,0.47382824534178913,0.5261717546582109,-0.39587909959025697,-0.4530475468013983
9.925,1.771648920596416,283.00240392015553,3.491679887042675,0.4153972428218194,0.47281808278149406,0.5271819172185059,-0.39444371321261046,-0.4543500120019099
9.95,1.779503058963695,281.77336295706846,3.081999566013663,0.416831326453328,0.47181141059839604,0.528188589401604,-0.39300962958110186,-0.45565503444898087
9.975,1.7873625228072174,280.5524719341136,2.675035891695376,0.41826409202137405,0.4708082076554422,0.5291917923445578,-0.3915768640130558,-0.456962600678652
10.0,1.7952272957123634,279.3396842685812,2.270773336517918,0.41969552434131563,0.4698084527811256,0.5301915472188744,-0.3901454316931142,-0.45827269716954816
10.025,1.8030973620896011,278.13495344088653,1.8691963939530123,0.4211256083608143,0.4688121247720578,0.5311878752279422,-0.38871534767361554,-0.45958531034343547
10.05,1.8109727071672193,276.93823299900924,1.4702895799939177,0.4225543291594466,0.4678192023955008,0.5321807976044992,-0.3872866268749833,-0.4609004265657782
10.075,1.818853316984069,275.7494765628382,1.0740374346035713,0.4239816719483057,0.4668296643918588,0.5331703356081412,-0.38585928408612413,-0.46221803214629453
10.1,1.8267391783823126,274.5686378284214,0.6804245231313014,0.42540762206959504,0.46584348947713106,0.5341565105228689,-0.3844333339648348,-0.46353811333951256
10.125,1.8346302790001843,273.39567057212287,0.2894354376984533,0.4268321649962114,0.4648606563453246,0.5351393436546754,-0.38300879103821844,-0.4648606563453245
