x,r_km,f_metric,Phi,background,a_gl,psi,dpsi_dx,gradient_density,potential_density,weighted_free_energy_density,gl_residual
0.0024691358024691358,0.024999999999999998,0.999991682109975,-0.8098409560344298,v6_tov,-79.99999999925441,8.935654678828511,0.0,0.0,-1599.994065158334,-0.0043400913126825265,1.3383919394982513e-07
0.005596191803088355,0.056661442006269595,0.999955648363987,-0.8098249483100383,v6_tov,-79.99999999916463,8.935654678828511,-0.0012553243920462452,7.878847191069643e-07,-1599.9940651547497,-0.02229466993784808,1.330370196228614e-07
0.008723247803707574,0.0883228840125392,0.9998941205627812,-0.809797666480563,v6_tov,-79.99999999906403,8.935646827889165,-0.003392687901662799,5.754556245349834e-06,-1599.9940543369178,-0.05417315493714978,1.331358134848415e-07
0.011850303804326792,0.11998432601880878,0.9998071075314389,-0.8097590887003429,v6_tov,-79.99999999895131,8.935633460578389,-0.0050682009681392234,1.2840853144993835e-05,-1599.9940358977742,-0.09997776531804926,1.3302826573635684e-07
0.014977359804946012,0.15164576802507837,0.9996935283529697,-0.8097087276074101,v6_tov,-79.99999999882502,8.935615130792666,-0.0066251982482398745,2.1939899895649657e-05,-1599.994010568074,-0.15971174132202162,1.3386465980147477e-07
0.01810441580556523,0.18330721003134798,0.9995511639032012,-0.809645590968901,v6_tov,-79.99999999868352,8.935592025846514,-0.008140964015148225,3.312277417558663e-05,-1599.993978563981,-0.23337952837271414,1.342750692856498e-07
0.02123147180618445,0.21496865203761756,0.9993833680603408,-0.8095711595555998,v6_tov,-79.99999999852497,8.935564216291917,-0.009642007812397883,4.6455493711074825e-05,-1599.99393993077,-0.32098611064064114,1.3409476196102332e-07
0.02435852780680367,0.24663009404388717,0.9991901646975233,-0.8094854359487317,v6_tov,-79.99999999834733,8.935531723649738,-0.01114022160604865,6.200201659813164e-05,-1599.993894635795,-0.4225375636937441,1.3480234883900266e-07
0.02748558380742289,0.2782915360501568,0.9989694040453371,-0.8093874538655395,v6_tov,-79.99999999814831,8.935494544098274,-0.012642135969571632,7.982944415779337e-05,-1599.9938426007805,-0.5380414281386765,1.3484350347425789e-07
0.03061263980804211,0.30995297805642635,0.9987210725609668,-0.809277194515096,v6_tov,-79.99999999792531,8.93545265831545,-0.014151961678320576,0.00010001093914513952,-1599.9937837150048,-0.6675060578226115,1.3498538464773446e-07
0.033739695808661326,0.34161442006269593,0.998447436899156,-0.8091556545298063,v6_tov,-79.99999999767547,8.9354060361449,-0.015672783103706924,0.000122627382311917,-1599.9937178413024,-0.8109400208684993,1.3555893474404002e-07
0.03686675180928055,0.37327586206896557,0.9981485358596012,-0.809022838287956,v6_tov,-79.99999999739552,8.935354638974548,-0.017207111694094508,0.00014776825133085278,-1599.9936448188596,-0.9683532480601597,1.3622241112898337e-07
0.039993807809899765,0.4049373040752351,0.9978211680997859,-0.8088772990931059,v6_tov,-79.99999999708187,8.935298420941148,-0.018757149156922066,0.0001755320323316618,-1599.9935644643415,-1.1397582676501012,1.3697615486307768e-07
0.04312086381051899,0.43659874608150473,0.9974675026619274,-0.8087199881393887,v6_tov,-79.99999999673045,8.935237329662897,-0.02032490113100769,0.00020602771363386328,-1599.9934765722905,-1.3251664503167568,1.3726332781516248e-07
0.046247919811138204,0.4682601880877743,0.997088724161505,-0.8085514181824909,v6_tov,-79.9999999963367,8.93517130673306,-0.021912259987892143,0.00023937464850792316,-1599.9933809151512,-1.524590146151179,1.3813792065775488e-07
0.04937497581175743,0.49992163009404395,0.9966848861253859,-0.8083715953046011,v6_tov,-79.99999999589554,8.935100287934732,-0.02352108249933582,0.00027570363197909343,-1599.9932772428313,-1.7380431389704483,1.387229531246703e-07
0.05250203181237664,0.5315830721003135,0.9962517608133313,-0.808178595248839,v6_tov,-79.99999999540124,8.93502420324872,-0.025153206851297325,0.00031515618231817795,-1599.9931652818987,-1.9655439501076535,1.3980013591208262e-07
0.05562908781299586,0.563244514106583,0.9957936606436198,-0.8079743347449284,v6_tov,-79.99999999484741,8.934942976961894,-0.02681043597732386,0.00035788798138174685,-1599.9930447348472,-2.2071054323015606,1.4019803984410828e-07
0.05875614381361508,0.5949059561128527,0.9953107014419579,-0.8077588441817989,v6_tov,-79.9999999942269,8.934856527779315,-0.028494577813018934,0.000404066765573505,-1599.9929152793084,-2.4627442372704422,1.415193082721089e-07
0.0618831998142343,0.6265673981191223,0.9948019404856623,-0.8075316727210513,v6_tov,-79.99999999353166,8.934764768680823,-0.030207485600783374,0.0004538744988153337,-1599.9927765667921,-2.732479251831313,1.4214242582966108e-07
0.06501025581485351,0.6582288401253917,0.9942651886016307,-0.8072917982106147,v6_tov,-79.99999999275269,8.934667606781092,-0.03195103341862322,0.000507507023999259,-1599.9926282213441,-3.0163325497478954,1.4286376881500473e-07
0.06813731181547274,0.6898902821316615,0.9937038144247042,-0.8070407207898677,v6_tov,-79.9999999918799,8.934564943339268,-0.03372709700299702,0.0005651775268338099,-1599.9924698383386,-3.3143200549720664,1.441337644791929e-07
0.07126436781609195,0.721551724137931,0.9931178968591414,-0.8067784495448773,v6_tov,-79.99999999090201,8.934456673738959,-0.03553759770362923,0.000627114649496401,-1599.9923009831332,-3.626462305661703,1.450808895242517e-07
0.07439142381671117,0.7532131661442006,0.9925054747420186,-0.8065040570905098,v6_tov,-79.99999998980635,8.934342687222975,-0.03738452469240161,0.0006935641589211814,-1599.9921211892313,-3.9527844841167803,1.4598901998397196e-07
0.07751847981733039,0.7848746081504702,0.9918665032600668,-0.8062174869879042,v6_tov,-79.99999998857875,8.93422286673442,-0.039269894668269245,0.0007647908808142979,-1599.9919299564986,-4.293310251843784,1.4716079022036865e-07
0.0806455358179496,0.8165360501567397,0.9912032713392287,-0.8059197557981683,v6_tov,-79.99999998720331,8.934097088903442,-0.0411957471843952,0.0008410803747394166,-1599.991726749485,-4.648059399256929,1.484953600083827e-07
0.08377259181856883,0.8481974921630094,0.9905158716734707,-0.8056108742988062,v6_tov,-79.99999998566223,8.933965223917554,-0.043164198997050145,0.0009227388698108892,-1599.9915109954432,-5.017056305492539,1.5001353403931716e-07
0.08689964781918805,0.879858934169279,0.989801361002416,-0.8052894428502243,v6_tov,-79.99999998393555,8.933827135168471,-0.045177445007456546,0.001010093049764143,-1599.9912820818422,-5.400333908073453,1.5094860827957746e-07
0.09002670381980726,0.9115203761755486,0.9890617759199982,-0.8049563634995827,v6_tov,-79.99999998200093,8.933682679116547,-0.047237705040773126,0.0011034966079011444,-1599.991039354078,-5.797914984637841,1.5262457964126952e-07
0.09315375982042648,0.9431818181818181,0.9882983508131409,-0.8046121721556497,v6_tov,-79.99999997983333,8.933531705270465,-0.04934724308346206,0.0012033275621204883,-1599.990782113229,-6.209824181853026,1.5396483377116965e-07
0.09628081582104571,0.9748432601880878,0.9875111916965589,-0.8042568812844219,v6_tov,-79.9999999774047,8.93337405593135,-0.05150843405481843,0.0013099922434725707,-1599.9905096132518,-6.636089712642379,1.5517071005888283e-07
0.09940787182166493,1.0065047021943574,0.9866964166372973,-0.8038886242028502,v6_tov,-79.99999997468358,8.933209565754877,-0.05372373678774299,0.001423921280699133,-1599.9902210576806,-7.07675402870579,1.5682496723457007e-07
0.10253492782228414,1.038166144200627,0.9858580659062384,-0.8035092523753717,v6_tov,-79.99999997163476,8.933038061664355,-0.055995627891168125,0.001545584081153098,-1599.9899155967175,-7.531835938820032,1.5850093859626213e-07
0.10566198382290336,1.0698275862068964,0.9849963519988759,-0.8031188249054325,v6_tov,-79.99999996821879,8.932859362826466,-0.05832666078659224,0.0016754784788194999,-1599.9895923242502,-8.001366243577628,1.603615373824141e-07
0.10878903982352257,1.101489028213166,0.9841104958346892,-0.8027169275589991,v6_tov,-79.99999996439142,8.932673280195138,-0.0607195249465596,0.0018141391605658024,-1599.989250273889,-8.485380615383665,1.6204865005420288e-07
0.1119160958241418,1.1331504702194357,0.9831984205692098,-0.802302517891215,v6_tov,-79.99999996010314,8.932479616116789,-0.06317698735631501,0.0019621355271499503,-1599.9888884148484,-8.98392216354688,1.6392073121096473e-07
0.11504315182476102,1.1648119122257052,0.9822633847407941,-0.8018771007233431,v6_tov,-79.99999995529842,8.93227816424031,-0.06570185188356409,0.0021200845512425676,-1599.9885056481178,-9.497012951065487,1.6585306639171904e-07
0.11817020782538024,1.196473354231975,0.9813055166222784,-0.8014406915042204,v6_tov,-79.99999994991508,8.93206870937642,-0.06829703486374473,0.0022886424172101076,-1599.9881008023112,-10.024687894756555,1.6785270418040454e-07
0.12129726382599945,1.2281347962382445,0.9803231020515041,-0.8009924096458118,v6_tov,-79.99999994388344,8.93185102693492,-0.0709655992717035,0.002468510566946921,-1599.9876726283976,-10.566992316924319,1.6962053450697567e-07
0.12442431982661868,1.2597962382445143,0.9793160738049917,-0.8005321629293682,v6_tov,-79.99999993712541,8.93162488257034,-0.07371068115417483,0.002660441636980564,-1599.9872197944962,-11.123965703699978,1.7194554402522044e-07
0.12755137582723788,1.2914576802507836,0.9782866555743698,-0.8000609778476799,v6_tov,-79.99999992955351,8.931390032079294,-0.07653548111285084,0.0028652450243205293,-1599.986740880832,-11.69563572010448,1.7408615349268075e-07
0.1306784318278571,1.323119122257053,0.9772349873318812,-0.799578871526218,v6_tov,-79.99999992106976,8.931146221099391,-0.07944335421187673,0.003083785460631149,-1599.986234373963,-12.282041083707897,1.759992755978601e-07
0.13380548782847634,1.354780564263323,0.9761584726974752,-0.7990845036175284,v6_tov,-79.99999991156432,8.9308931844443,-0.0824378100477223,0.003316982842060366,-1599.9856986598484,-12.883238934859028,1.7867296264739707e-07
0.13693254382909556,1.3864420062695926,0.9750589556301497,-0.7985787202763567,v6_tov,-79.99999990091413,8.930630645802216,-0.08552242555332291,0.0035658321736083895,-1599.9851320172163,-13.499261176839582,1.808972456274205e-07
0.14005959982971478,1.418103448275862,0.9739376683606419,-0.7980620749069036,v6_tov,-79.99999988898139,8.930358317616271,-0.08870087653168325,0.003831395549423065,-1599.9845326108953,-14.13014281297505,1.834696377045475e-07
0.143186655830334,1.4497648902821316,0.9727947618733065,-0.7975345863052818,v6_tov,-79.99999987561159,8.930075900585779,-0.0919770428939041,0.004114813093757898,-1599.9838984838723,-14.775926342711248,1.8576304228190565e-07
0.1463137118309532,1.4814263322884011,0.9716268162331034,-0.796994461867,v6_tov,-79.9999998606317,8.92978308288847,-0.09535496623585998,0.004417292219034804,-1599.98322754816,-15.436683157607053,1.8858975181501592e-07
0.14944076783157242,1.513087774294671,0.9704374758035413,-0.7964434724436606,v6_tov,-79.99999984384779,8.929479539947065,-0.09883874821502485,0.004740149474157084,-1599.9825175762917,-16.11243305919616,1.910847231556545e-07
0.15256782383219164,1.5447492163009404,0.9692270311185228,-0.7958817045035244,v6_tov,-79.99999982504262,8.929164934287071,-0.10243264157562658,0.0050847811720304385,-1599.9817661924792,-16.803220404304504,1.9407400486670667e-07
0.15569487983281086,1.57641065830721,0.9679948792562684,-0.7953087833610797,v6_tov,-79.99999980397278,8.928838914734069,-0.10614114185774616,0.0054526870805143126,-1599.9809708616003,-17.509098368458265,1.9686251562234247e-07
0.15882193583343007,1.6080721003134795,0.9667391332087669,-0.7947236579949536,v6_tov,-79.99999978036554,8.928501115697953,-0.10996889976916473,0.005845464984317828,-1599.980128877604,-18.230134520956863,1.998253083002055e-07
0.16194899183404932,1.6397335423197492,0.9654628231180022,-0.7941278230270811,v6_tov,-79.9999997539153,8.92815115691826,-0.11392065968458304,0.006264848049120128,-1599.9792373522778,-18.966352264620625,2.030776613537455e-07
0.16507604783466853,1.671394984326019,0.964166117654246,-0.7935213001958097,v6_tov,-79.99999972427973,8.92778864313303,-0.118001373911833,0.006712680824168944,-1599.9782932030917,-19.7178006709627,2.0542574930004776e-07
0.16820310383528775,1.7030564263322885,0.9628475894694581,-0.7929032629114375,v6_tov,-79.99999969107517,8.927413163109515,-0.12221625610830611,0.007190937319492048,-1599.9772931385269,-20.484547107784515,2.094693627441302e-07
0.17133015983590696,1.734717868338558,0.9615071623440726,-0.7922735862786516,v6_tov,-79.99999965387184,8.927024288978958,-0.1265706744725233,0.0077017375780752215,-1599.9762336431622,-21.266647591833795,2.1242692582745804e-07
0.17445721583652618,1.7663793103448275,0.9601469107162919,-0.7916332961534179,v6_tov,-79.99999961218818,8.926621575935291,-0.13107013963621053,0.00824736503966387,-1599.9751109627493,-22.064134212397143,2.1602875222015427e-07
0.1775842718371454,1.798040752351097,0.9587670121378814,-0.7909824159218889,v6_tov,-79.99999956548461,8.926204561645655,-0.1357204357047675,0.00883026175977248,-1599.9739210874725,-22.87705973553825,2.195153001594008e-07
0.1807113278377646,1.8297021943573668,0.9573652806404285,-0.7903196759507162,v6_tov,-79.99999951315661,8.925772765129537,-0.14052762451885714,0.00945303112498293,-1599.9726597325073,-23.705508488018587,2.233998657175107e-07
0.18383838383838383,1.8613636363636363,0.9559433236692233,-0.7896458610477439,v6_tov,-79.99999945452683,8.925325686142646,-0.14549792399573921,0.010118490825093054,-1599.9713223186477,-24.549519633237487,2.2700771751260618e-07
0.18696543983900304,1.8930250783699059,0.954502318571487,-0.788961535831804,v6_tov,-79.99999938883636,8.92486280481692,-0.15063775305007066,0.010829655710538776,-1599.9699039523998,-25.409136338091542,2.310654281245661e-07
0.1900924958396223,1.9246865203761756,0.9530424509476448,-0.7882667253259494,v6_tov,-79.99999931523489,8.924383580763456,-0.15595388039450017,0.011589764741769653,-1599.968399403052,-26.284415011409912,2.349931946810102e-07
0.1932195518402415,1.9563479623824451,0.9515608461977726,-0.7875597266016322,v6_tov,-79.99999923276972,8.923887451781905,-0.16145337111273075,0.01240225918375451,-1599.9668030768478,-27.175459915716928,2.3901748136267997e-07
0.19634660784086072,1.9880094043887149,0.9500606591496981,-0.7868422159568597,v6_tov,-79.99999914037339,8.92337383329754,-0.16714344963851072,0.013270890374897258,-1599.9651089916188,-28.082287576755373,2.42943656303396e-07
0.19947366384147994,2.0196708463949844,0.9485422335565636,-0.7861143051991442,v6_tov,-79.99999903684993,8.922842117927592,-0.1730316239731281,0.014199650152984345,-1599.9633107501504,-29.00495485869115,2.477944462953019e-07
0.20260071984209915,2.051332288401254,0.9470051424092806,-0.7853756613949746,v6_tov,-79.99999892085928,8.922291674141455,-0.17912581574938366,0.015192830900263073,-1599.9614015086033,-29.943532511450126,2.5210795229213545e-07
0.20572777584271837,2.0829937304075234,0.9454477554328421,-0.7846252376901198,v6_tov,-79.99999879090008,8.921721845013582,-0.1854342477107448,0.016255017183727693,-1599.9593739429015,-30.89811559383611,2.564682972661103e-07
0.20885483184333758,2.114655172413793,0.9438727712279441,-0.7838645031441397,v6_tov,-79.99999864529009,8.921131947587407,-0.19196536135308945,0.017391186146194663,-1599.9572202148886,-31.868724059777506,2.613501237647142e-07
0.2119818878439568,2.1463166144200625,0.942280387539259,-0.783093485648795,v6_tov,-79.99999848214452,8.920521272143322,-0.19872797215404087,0.01860664870312623,-1599.9549319358125,-32.85542052781256,2.663731493157684e-07
0.21510894384457602,2.177978056426332,0.9406694836904179,-0.7823114189801655,v6_tov,-79.9999982993516,8.919889080591776,-0.2057313484169177,0.01990710030746336,-1599.9525001238858,-33.8582953620373,2.7146040793013526e-07
0.21823599984519526,2.209639498432602,0.9390399907636099,-0.7815181498107112,v6_tov,-79.9999980945452,8.919234605248157,-0.21298507590192886,0.02129866772384582,-1599.9499151601458,-34.87742163973915,2.767567366390722e-07
0.22136305584581448,2.2413009404388715,0.9373937597239052,-0.7807146922646764,v6_tov,-79.99999786507429,8.918557048072493,-0.2204990434536759,0.02278796175988455,-1599.9471667429962,-35.91283218568724,2.816565256580361e-07
0.2244901118464337,2.272962382445141,0.9357309939453815,-0.7799010758314107,v6_tov,-79.99999760796858,8.917855579534232,-0.22828361609882938,0.024382066178120908,-1599.9442438380327,-36.96459300819454,2.871704509743722e-07
0.2276171678470529,2.3046238244514106,0.934049953586551,-0.7790761120599128,v6_tov,-79.99999731990003,8.917129336769364,-0.2363496509214301,0.0260885557807312,-1599.9411346212005,-38.032817263139215,2.9285808977874694e-07
0.23074422384767213,2.33628526645768,0.9323519836930801,-0.7782405202584268,v6_tov,-79.99999699713983,8.916377422345915,-0.24470834839039216,0.027915632684419295,-1599.9378264203056,-39.11754957945139,2.988971345985192e-07
0.23387127984829134,2.3679467084639496,0.9306381575400178,-0.7773948693877126,v6_tov,-79.99999663551014,8.915598903350892,-0.25337131102310567,0.029872098787627362,-1599.9343056537543,-40.2188385231876,3.044506229343824e-07
0.23699833584891056,2.3996081504702196,0.9289086832364783,-0.776539190516798,v6_tov,-79.99999623032997,8.914792809788876,-0.2623507344965939,0.03196742064442984,-1599.9305577617838,-41.336753333486776,3.108486907876795e-07
0.24012539184952977,2.431269592476489,0.9271612786747463,-0.7756718848857664,v6_tov,-79.9999957763546,8.913958132473743,-0.27165935456368423,0.03421169716805514,-1599.9265671301398,-42.47143325174291,3.1706861136626685e-07
0.243252447850149,2.4629310344827586,0.9253985499079391,-0.7747945218160235,v6_tov,-79.99999526770767,8.91309382175925,-0.2813102859638459,0.03661592782597495,-1599.9223170120233,-43.62288758863824,3.234890755265951e-07
0.24637950385076823,2.494592476489028,0.9236208656158654,-0.773907235746463,v6_tov,-79.99999469780522,8.912198786438225,-0.29131717481733505,0.039191863958963145,-1599.9177894452794,-44.79118365673191,3.3000299026753055e-07
0.24950655985138745,2.526253918495298,0.921827963135594,-0.7730097369035172,v6_tov,-79.99999405927032,8.911271891520059,-0.301694367118457,0.04195215606668518,-1599.9129651578396,-45.97640853084937,3.371222874193336e-07
0.25263361585200667,2.5579153605015676,0.9200185205804686,-0.772100996182671,v6_tov,-79.99999334383767,8.910311956076123,-0.3124567882931172,0.044910356568346826,-1599.9078234662563,-47.1786864333585,3.4425647754687816e-07
0.2557606718526259,2.589576802507837,0.9181948239595307,-0.771182441385562,v6_tov,-79.99999254224663,8.909317751770526,-0.32361985002895466,0.04808118350361099,-1599.902342170308,-48.39802858201387,3.51565745404514e-07
0.2588877278532451,2.6212382445141067,0.9163570875730586,-0.7702541063295684,v6_tov,-79.99999164412124,8.908288001288218,-0.33519963825023746,0.05148039021240776,-1599.8964974393557,-49.63450930631239,3.58938677891274e-07
0.26201478385386434,2.6528996865203767,0.9145044979265146,-0.7693152905760868,v6_tov,-79.99999063783605,8.907221375690135,-0.34721302154043615,0.05512490557212897,-1599.8902636841078,-50.88824095135218,3.667711325761047e-07
0.2651418398544836,2.684561128526646,0.912637010630758,-0.7683658176561716,v6_tov,-79.99998951036554,8.906116492163216,-0.35967750959121697,0.05903297174028039,-1599.8836134207872,-52.15931289117476,3.7481026993191335e-07
0.2682688958551028,2.7162225705329157,0.9107561939615743,-0.7674066784535075,v6_tov,-79.99998824711555,8.904971912260825,-0.3726112435934151,0.06322430283698036,-1599.8765171280702,-53.44775386597453,3.831062258541351e-07
0.271395951855722,2.7478840125391852,0.9088622644822718,-0.7664379083034785,v6_tov,-79.99998683173442,8.903786139712862,-0.38603319780561657,0.06772006796208262,-1599.8689430907423,-54.75364060962328,3.9134260987339076e-07
0.2745230078563412,2.7795454545454548,0.9069539365675402,-0.7654584092680218,v6_tov,-79.99998524590117,8.902557617405552,-0.39996321936213064,0.07254297220115177,-1599.8608572261135,-56.07711394251707,4.0006943891057745e-07
0.27765006385696045,2.8112068965517247,0.905032284844103,-0.7644688323252763,v6_tov,-79.99998346908859,8.901284724942595,-0.4144218831420655,0.07771760988352634,-1599.8522229008333,-57.41822083883231,4.0870588691177545e-07
0.28077711985757964,2.842868338557994,0.9030982367274776,-0.7634697433789672,v6_tov,-79.99998147829734,8.899965776532618,-0.42943056253091433,0.08327044747540409,-1599.8430007360973,-58.777010509594426,4.180898258709931e-07
0.2839041758581989,2.874529780564264,0.901152010171882,-0.7624611792554894,v6_tov,-79.99997924775829,8.898599018107772,-0.4450116418791403,0.08922998200895282,-1599.8331483928268,-60.1535615470366,4.272975502317422e-07
0.28703123185881807,2.906191222570533,0.8991919267312976,-0.7614416584873153,v6_tov,-79.99997674859904,8.89718262388245,-0.46118849122263417,0.09562673449528523,-1599.8226203361385,-61.548046365157845,4.370590431790333e-07
0.2901582878594373,2.937852664576803,0.8972200196687206,-0.7604126326709718,v6_tov,-79.99997394847009,8.895714693629984,-0.47798532237965313,0.10249391477543698,-1599.8113675868235,-62.96046159497818,4.4743330818164395e-07
0.29328534386005656,2.969514106583073,0.8952366537548733,-0.7593742554952128,v6_tov,-79.99997081112616,8.89419325014134,-0.49542734748995954,0.10986713797259995,-1599.7993374553926,-64.39087978052756,4.5717058583250036e-07
0.29641239986067575,3.001175548589342,0.8932417102050115,-0.758326280899985,v6_tov,-79.999967295957,8.892616235510305,-0.5135409667923153,0.11778478335256437,-1599.786473246517,-65.83939932541068,4.679939138441114e-07
0.299539455861295,3.032836990595612,0.8912342088952353,-0.7572677116838564,v6_tov,-79.99996335746178,8.890981507417797,-0.5323536878803695,0.12628808748245895,-1599.772713940234,-67.30617099496823,4.786372755916091e-07
0.3026665118619142,3.064498432601881,0.8892159688631068,-0.7561999185910392,v6_tov,-79.99995894466005,8.889286835922029,-0.5518940582511607,0.13542183506600816,-1599.7579938525812,-68.79118889035628,4.904447905573761e-07
0.3057935678625334,3.096159874608151,0.8871872084463719,-0.755122941015315,v6_tov,-79.99995400043187,8.887529900164676,-0.5721918485418198,0.14523410371833795,-1599.7422422694465,-70.29453282334505,5.01560975862958e-07
0.3089206238631526,3.12782131661442,0.885147404822246,-0.7540361486383673,v6_tov,-79.99994846077848,8.885708284015053,-0.5932781847376871,0.15577665118619327,-1599.7253830424982,-71.81633059655672,5.13442842020595e-07
0.31204767986377185,3.15948275862069,0.8830965543292365,-0.7529393480526956,v6_tov,-79.99994225399388,8.883819471949435,-0.6151854654030645,0.16710533939161942,-1599.7073341553444,-73.35668188468189,5.25810264662141e-07
0.31517473586439104,3.1911442006269595,0.8810359018917298,-0.7518334951526148,v6_tov,-79.99993529973658,8.881860845212888,-0.6379473777811847,0.17928061104780535,-1599.6880072584709,-74.91560147516788,5.382779590945574e-07
0.3183017918650103,3.222805642633229,0.8789656649337729,-0.7507186307335519,v6_tov,-79.99992750798981,8.879829677597895,-0.6615990755576519,0.19236749705605263,-1599.6673071642394,-76.4931680630336,5.511756171472371e-07
0.32142884786562953,3.254467084639499,0.8768849951516928,-0.7495937553389406,v6_tov,-79.99991877789621,8.877723130494434,-0.6861772615762918,0.20643592984509343,-1599.645131294758,-78.0895410384156,5.644834573104163e-07
0.3245559038662487,3.2861285266457685,0.8747947048637559,-0.7484594501292158,v6_tov,-79.99990899645239,8.875538248151294,-0.7117201308678015,0.2215616801302805,-1599.6213690881552,-79.704759832545,5.784178256362793e-07
0.32768295986686796,3.317789968652038,0.8726955441848397,-0.747316270134874,v6_tov,-79.99989803704621,8.873271953082451,-0.7382674462838735,0.2378264757893966,-1599.5959013597,-81.33886175900842,5.920122703173547e-07
0.33081001586748715,3.3494514106583075,0.870587728848457,-0.7461642575152232,v6_tov,-79.99988575781786,8.870921040855366,-0.7658607005355877,0.2553184004989591,-1599.568599605756,-82.99192236672764,6.06907860856154e-07
0.3339370718681064,3.381112852664577,0.8684701626006481,-0.745002059528512,v6_tov,-79.99987199982372,8.868482174483955,-0.7945431785147546,0.2741321128930542,-1599.5393252478748,-84.66413414631648,6.221424655450392e-07
0.3370641278687256,3.4127742946708466,0.8663443147677744,-0.7438310011693925,v6_tov,-79.99985658497894,8.865951878827115,-0.8243599401223004,0.29437050448509655,-1599.5079288167121,-86.35546638104884,6.371711833708105e-07
0.3401911838693448,3.4444357366771166,0.8642105195849937,-0.7426512513553029,v6_tov,-79.99983931375233,8.863326535089096,-0.8553579222285852,0.3161442716287315,-1599.4742490724184,-88.06597998294909,6.52865082884091e-07
0.343318239869964,3.4760971786833856,0.8620687757695839,-0.7414626073870372,v6_tov,-79.99981996258367,8.86060237458035,-0.8875860749928571,0.3395727875511718,-1599.4381120458002,-89.79576656131506,6.696161563013447e-07
0.34644529587058326,3.5077586206896556,0.8599184588497681,-0.7402641183384333,v6_tov,-79.99979828098998,8.85777547236535,-0.9210954336365543,0.3647846326416411,-1599.3993300012712,-91.54498588129525,6.862622967673815e-07
0.3495723518712025,3.539420062695925,0.8577608950378098,-0.7390570823095085,v6_tov,-79.99977398832324,8.854841740574559,-0.9559391742813748,0.3919194040001521,-1599.3577003122548,-93.31359250532111,7.034192321953014e-07
0.3526994078718217,3.5710815047021947,0.8555962952743307,-0.7378415437742305,v6_tov,-79.99974677013788,8.851796921703023,-0.9921726831058079,0.4211273341625081,-1599.313004246317,-95.10164874964853,7.217577149276622e-07
0.35582646387244093,3.6027429467084646,0.8534243974616204,-0.7366169456394944,v6_tov,-79.99971627412053,8.848636581489846,-1.0298536746976885,0.45257035685944424,-1599.265005646982,-96.90927223674176,7.398232355626533e-07
0.3589535198730601,3.6344043887147337,0.8512452521381474,-0.73538308449531,v6_tov,-79.99968210552991,8.845356101476577,-1.0690423250715164,0.48642345357007694,-1599.2134495049045,-98.73654668379335,7.591440862597665e-07
0.36208057587367937,3.6660658307210037,0.8490597603693111,-0.7341408695009985,v6_tov,-79.99964382208734,8.841950671054784,-1.109801364056388,0.5228760764226469,-1599.158060406091,-100.58344199625576,7.784258286847034e-07
0.36520763187429856,3.6977272727272728,0.8468681294463325,-0.7328903463736426,v6_tov,-79.99960092825216,8.838415279446641,-1.1521960835368479,0.5621323548574563,-1599.09854085384,-102.45000599078485,7.985765932971844e-07
0.3683346878749178,3.7293887147335427,0.844669911032273,-0.7316306204979556,v6_tov,-79.99955286880763,8.834744707700956,-1.196294485966331,0.6044122115035325,-1599.0345694559262,-104.33637991718078,8.191925644496223e-07
0.371461743875537,3.761050156739812,0.8424656764146157,-0.7303622030845203,v6_tov,-79.99949902167457,8.830933519744944,-1.2421675146969273,0.6499539013817162,-1598.9657989497202,-106.24255755033808,8.402018920605769e-07
0.37458879987615623,3.7927115987460818,0.8402559790503746,-0.7290856302175357,v6_tov,-79.99943868985956,8.826976052939742,-1.2898891113469557,0.6990147969735705,-1598.8918540583923,-108.16852067200608,8.623278517916333e-07
0.3777158558767755,3.8243730407523517,0.8380410219541199,-0.7278009488077541,v6_tov,-79.99937109243363,8.822866408773402,-1.3395361345424723,0.751872410373558,-1598.812329175791,-110.11429473930879,8.852127848513192e-07
0.38084291187739466,3.856034482758621,0.8358202427347049,-0.7265069442279264,v6_tov,-79.99929535442458,8.818598443924607,-1.3911886272902596,0.8088256713947086,-1598.7267858718249,-112.0800394950685,9.085100600714213e-07
0.3839699678780139,3.887695924764891,0.8335945835708016,-0.7252048080848108,v6_tov,-79.99921049549215,8.81416575928348,-1.4449301778314094,0.8701990633258145,-1598.634750156682,-114.06564219824412,9.327893621957628e-07
0.3870970238786331,3.91935736677116,0.8313643259852772,-0.7238947199330115,v6_tov,-79.99911541723975,8.80956168875848,-1.5008478086718517,0.9363424223448302,-1598.5357095172587,-116.071089818029,9.569480425852817e-07
0.39022407987925234,3.95101880877743,0.8291295570466152,-0.7225765191441913,v6_tov,-79.99900888899816,8.804779288991233,-1.5590318622062225,1.00763300339229,-1598.4291097318912,-118.09639879858352,9.82985511654988e-07
0.3933511358798715,3.9826802507836994,0.8268900029593728,-0.7212493152299926,v6_tov,-79.99888953189759,8.799811328878743,-1.6195764637873926,1.084477783114906,-1598.3143514247597,-120.1416643245577,1.0090111572935712e-06
0.39647819188049077,4.014341692789969,0.8246464989385104,-0.7199143186738477,v6_tov,-79.99875580102189,8.794650276392137,-1.6825799250079205,1.167318127621467,-1598.1907862809503,-122.20672068137488,1.0358583040215308e-06
0.39960524788110996,4.046003134796238,0.8223992390221848,-0.7185715783706964,v6_tov,-79.99860596541407,8.789288285576708,-1.748144420392706,1.256629702885528,-1598.057712955566,-124.29152404112246,1.063868694473058e-06
0.4027323038817292,4.077664576802508,0.8201481827256847,-0.7172206121928181,v6_tov,-79.99843808567458,8.78371718539266,-1.8163759631090106,1.3529253159652554,-1597.9143726954303,-126.39608344209303,1.0925890592261567e-06
0.40585935988234845,4.109326018808778,0.8178934442896901,-0.7158612141738315,v6_tov,-79.99824998886231,8.777928466867067,-1.8873850916697401,1.4567592084876462,-1597.7599445678102,-128.52036115009773,1.122389335250773e-06
0.40898641588296764,4.140987460815047,0.8156355802005887,-0.7144942353063014,v6_tov,-79.99803924037407,8.77191326763989,-1.9612871411328894,1.5687311807794542,-1597.593540234781,-130.66416612238143,1.1532514463397092e-06
0.4121134718835869,4.172648902821317,0.8133747787259955,-0.7131197255255977,v6_tov,-79.99780311243852,8.765662357419833,-2.038201717232361,1.6894876919168769,-1597.4141983244863,-132.82738787993097,1.184715301860706e-06
0.41524052788420607,4.2043103448275865,0.8111109393448115,-0.7117368995668236,v6_tov,-79.99753854881742,8.759166125819203,-2.1182529121807216,1.819725526849557,-1597.2208784147224,-135.01000783157357,1.2172237120466889e-06
0.4183675838848253,4.235971786833856,0.8088444230615748,-0.7103461999071167,v6_tov,-79.99724212525757,8.752414566460105,-2.201570241012617,1.960198678484421,-1597.0124544298405,-137.21182310127793,1.2506362736530718e-06
0.4214946398854445,4.2676332288401255,0.8065755798310843,-0.7089481355678201,v6_tov,-79.99691000518239,8.745397258953316,-2.2882886058838743,2.1117216359470197,-1596.7877074379214,-139.4325927732976,1.284726295125438e-06
0.42462169588606374,4.299294670846395,0.8043045917039625,-0.7075427574638005,v6_tov,-79.9965378900502,8.73810335322775,-2.3785474957086974,2.2751718640994003,-1596.5453179343442,-141.67210911381852,1.3206284847910865e-06
0.42774875188668293,4.330956112852665,0.8020313622322833,-0.7061289960757652,v6_tov,-79.99612096373787,8.730521556514889,-2.472491657280767,2.451495075158861,-1596.283857595636,-143.9302952760391,1.3571863064498757e-06
0.4308758078873022,4.362617554858934,0.7997563645177493,-0.7047079051440318,v6_tov,-79.9956538302309,8.722640113480988,-2.570272349614906,2.641715215940721,-1596.0017801553581,-146.2067404236869,1.394600417370384e-06
0.4340028638879214,4.3942789968652045,0.7974798111475174,-0.703279669810057,v6_tov,-79.99513044381546,8.714446785366711,-2.672046643183448,2.8469364412397367,-1595.697411504899,-148.50111695376256,1.433906732017931e-06
0.4371299198885406,4.425940438871474,0.7952018484969978,-0.7018441692929279,v6_tov,-79.99454403087017,8.705928834501986,-2.7779765412269835,3.0683474292180053,-1595.3689391881371,-150.81310215202106,1.4736732509845751e-06
0.44025697588915985,4.457601880877744,0.7929225318029566,-0.700400587010406,v6_tov,-79.99388700224853,8.697073008941064,-2.8882302830225024,3.3072299925442388,-1595.0144010800304,-153.14243741854204,1.5148300462897168e-06
0.44338403188977904,4.489263322884013,0.7906422316151921,-0.6989500319399591,v6_tov,-79.99315085512025,8.687865518826595,-3.0029835458785725,3.564970313352148,-1594.631672862995,-155.48852423853157,1.5575126326439204e-06
0.4465110878903983,4.520924764890283,0.7883611180258103,-0.6974925565737767,v6_tov,-79.99232606300562,8.678292013507264,-3.122418052749874,3.843061190581043,-1594.2184545254927,-157.85086818714268,1.6013387948987656e-06
0.44963814389101747,4.552586206896552,0.7860793282679726,-0.6960277540238268,v6_tov,-79.99140195258398,8.668337566610008,-3.2467210209166373,4.143108680816715,-1593.7722561196251,-160.22899080880904,1.6468152352899779e-06
0.4527651998916367,4.584247648902822,0.7837970451361141,-0.6945554234618284,v6_tov,-79.9903665656882,8.657986656605676,-3.376087048654562,4.466845157864731,-1593.290382241122,-162.62232101018355,1.6934671975832316e-06
0.4558922558922559,4.615909090909091,0.7815144975126286,-0.693076346960766,v6_tov,-79.98920650470653,8.647223140081792,-3.510718718884538,4.816140111440933,-1592.7699149846342,-165.0300582879782,1.7416469972886262e-06
0.45901931189287515,4.647570532915361,0.7792318482972055,-0.6915905778089171,v6_tov,-79.9879067594008,8.636030228532928,-3.650824658456603,5.193003904919315,-1592.2076957158506,-167.45144160038367,1.7905780396176851e-06
0.4621463678934944,4.679231974921631,0.7769492838639852,-0.6900974425461485,v6_tov,-79.98645051291136,8.624390473770921,-3.796619685630083,5.599598203663294,-1591.6003058536344,-169.88575078725418,1.8421220602249377e-06
0.4652734238941136,4.7108934169279,0.7746669912336117,-0.6885973174427157,v6_tov,-79.98481892445349,8.61228574379289,-3.948327227385532,6.038253374358833,-1590.9440457614967,-172.3320009645346,1.8946707314171363e-06
0.4684004798947328,4.74255485893417,0.7723851217347273,-0.6870906765569664,v6_tov,-79.9829908859118,8.599697193073313,-4.106178931442287,6.511479003029384,-1590.2349117469516,-174.78908781674414,1.948762132997217e-06
0.471527535895352,4.774216300940439,0.7701038308166333,-0.685577573902337,v6_tov,-79.98094274920669,8.586605240858525,-4.270412003435626,7.021967942570484,-1589.468571721548,-177.2558699918072,2.00508486614126e-06
0.47465459189597126,4.805877742946709,0.7678234082308446,-0.6840570893631673,v6_tov,-79.97864802093443,8.572989558112393,-4.4412705140488615,7.572613745059122,-1588.6403395479824,-179.73126362105984,2.062369844679779e-06
0.47778164789659044,4.837539184952978,0.7655439299331839,-0.6825301368224554,v6_tov,-79.97607702036687,8.558829037635865,-4.619008465285487,8.166531432526869,-1587.7451466175066,-182.213731238836,2.1217663288553013e-06
0.4809087038972097,4.869200626959248,0.7632655299809818,-0.6809969016548506,v6_tov,-79.97319649643276,8.54410176183583,-4.8038875751305685,8.807067483132029,-1586.777511179764,-184.70172118703854,2.182620164603577e-06
0.4840357598978289,4.900862068965518,0.7609883874523915,-0.6794572998203239,v6_tov,-79.96996919878292,8.528784986699641,-4.996174345073295,9.497804017061156,-1585.7315064074646,-187.19357953618876,2.2459453248302452e-06
0.4871628158984481,4.932523510971787,0.7587128516558971,-0.6779106009092839,v6_tov,-79.96635339746416,8.512855127904027,-5.1961428943772825,10.242585933021363,-1584.6007264096118,-189.68761022446927,2.3109073481464293e-06
0.49028987189906736,4.964184952978057,0.756438874424438,-0.6763578000895053,v6_tov,-79.96230234508,8.496287727063766,-5.404077708609247,11.045541579507772,-1583.3782486614048,-192.18161209202003,2.3778982267685933e-06
0.49341692789968655,4.995846394984326,0.7541665975203732,-0.6747989524784543,v6_tov,-79.95776367459662,8.479057420650989,-5.6202695450794495,11.911092213010464,-1582.0565939612673,-194.67336138388433,2.446319854243484e-06
0.4965439839003058,5.027507836990596,0.7518962912136551,-0.6732337251909971,v6_tov,-79.95267872515,8.46113793185169,-5.845013254608219,12.843960097081846,-1580.6276852548413,-197.16049900780038,2.5173537778755417e-06
0.499671039900925,5.059169278996865,0.749628206947058,-0.6716619301921953,v6_tov,-79.94698178731693,8.442502053107946,-6.078611891900595,13.84920216173972,-1579.0828032260138,-199.64040892946866,2.590242729638703e-06
0.5027980959015441,5.090830721003134,0.7473622772896582,-0.6700842709561683,v6_tov,-79.9405992583178,8.423121612267684,-6.321377689864868,14.932229504772977,-1577.4125378604888,-202.11004562754735,2.6656069849195774e-06
0.5059251519021634,5.1224921630094045,0.7450986360880087,-0.668500803117924,v6_tov,-79.93344869651443,8.402967449033401,-6.573626589886605,16.098812196624237,-1575.60673767237,-204.56621880853746,2.7429687179392204e-06
0.5090522079027826,5.154153605015674,0.7428376926114708,-0.666910965289272,v6_tov,-79.92543776333748,8.382009415320214,-6.835677628089316,17.355098500789474,-1573.6544577709917,-207.00557286271666,2.822882493092038e-06
0.5121792639034018,5.1858150470219435,0.7405794980624908,-0.6653150712899697,v6_tov,-79.91646303941741,8.36021635554297,-7.107857984532954,18.707647295199727,-1571.543903454354,-209.42425619131976,2.904926873270597e-06
0.515306319904021,5.217476489028212,0.738324019968267,-0.6637135528225525,v6_tov,-79.9064087001821,8.337556075396048,-7.390501344321169,20.16344814040039,-1569.2623696359012,-211.81804517347751,2.989680297105224e-06
0.5184333759046402,5.249137931034483,0.7360713841772063,-0.662106465961431,v6_tov,-79.8951450345164,8.313995332390283,-7.683940651329332,21.72991073338598,-1566.7961787999473,-214.18242548688502,3.0763079621465295e-06
0.5215604319052595,5.280799373040752,0.7338221824425893,-0.66049304138375,v6_tov,-79.88252678823349,8.289499849951765,-7.988509951724574,23.414905059794105,-1564.1306180674553,-216.51266273575163,3.1655944212616305e-06
0.5246874879058787,5.312460815047022,0.7315761720737194,-0.6588740537209432,v6_tov,-79.86839131207569,8.26403429642919,-8.304550534933588,25.226780043886937,-1561.249870295357,-218.80326288388434,3.2573536827840144e-06
0.527814543906498,5.344122257053292,0.7293334055227882,-0.657249683117989,v6_tov,-79.85255649172643,8.237562260786346,-8.632404895778363,27.174384432193897,-1558.1369416750745,-221.04839438882243,3.351978193677496e-06
0.5309415999071171,5.375783699059561,0.727094072025422,-0.6556198783893186,v6_tov,-79.83481843486145,8.210046269370952,-8.972408588585914,29.2670327151906,-1554.7735903752246,-223.24178777362746,3.448924303484091e-06
0.5340686559077363,5.40744514106583,0.7248587706798716,-0.6539840058747765,v6_tov,-79.81494888758424,8.181447812552456,-9.324895218181304,31.514565471989947,-1551.1402540346123,-225.37677601830717,3.548817744558619e-06
0.5371957119083556,5.439106583072101,0.7226270943257361,-0.6523429367057625,v6_tov,-79.79269234966546,8.151727330276634,-9.69020154126619,33.92734421408559,-1547.215971071736,-227.44579133938913,3.651988777164661e-06
0.5403227679089748,5.47076802507837,0.7203991545655146,-0.6506967275395551,v6_tov,-79.76776285483007,8.120844206798804,-10.0686568113828,36.51625871057775,-1542.9783008198742,-229.44084387085846,3.7572709743471933e-06
0.543449823909594,5.502429467084639,0.7181753124951652,-0.649045116774208,v6_tov,-79.739840378905,8.088756822876213,-10.460576023126656,39.29268228070508,-1538.4032486964647,-231.3533845318449,3.86526539841725e-06
0.5465768799102132,5.534090909090908,0.715955883939816,-0.6473879364887489,v6_tov,-79.70856683495391,8.0554225927527,-10.866267331044165,42.268519605285775,-1533.4651896981086,-233.1741654709914,3.97664075535431e-06
0.5497039359108324,5.565752351097179,0.71374054664087,-0.645725803342144,v6_tov,-79.67354161059329,8.020797969952465,-11.286032639702716,45.45618431456924,-1528.1367885849895,-234.89303872539875,4.090338507012348e-06
0.5528309919114517,5.597413793103448,0.711529404188892,-0.6440587742085547,v6_tov,-79.63431659852338,7.984838480574367,-11.720153754670598,48.86855244393878,-1522.3889242189284,-236.4992328437788,4.207289578062046e-06
0.5559580479120709,5.629075235109718,0.7093230264947296,-0.6423863978193883,v6_tov,-79.59039066695298,7.94749881569902,-12.168888668637885,52.518933512530104,-1516.1906238745005,-237.98130838454412,4.326878695337655e-06
0.5590851039126901,5.660736677115987,0.707121365868775,-0.6407089304013708,v6_tov,-79.54120351209654,7.908732887910104,-12.632480315493272,56.42105783459199,-1509.508997531233,-239.3268295971109,4.450079870821355e-06
0.5622121599133093,5.692398119122257,0.7049242283988478,-0.6390267547140113,v6_tov,-79.4861288303533,7.868493868952485,-13.111151054707742,60.58904174215214,-1502.3091749855603,-240.5224611572614,4.575555465180514e-06
0.5653392159139285,5.724059561128526,0.7027317097289093,-0.6373399277668584,v6_tov,-79.42446674324229,7.8267342807488065,-13.605084877710262,65.037234546015,-1494.554257193351,-241.55406033219285,4.704112029685348e-06
0.5684662719145478,5.755721003134797,0.7005446212561216,-0.6356478294364957,v6_tov,-79.35543540381038,7.78340614434093,-14.11442839603062,69.78023006194793,-1486.2052859036476,-242.40672299413362,4.835687775539554e-06
0.5715933279151669,5.787382445141065,0.6983624802711248,-0.633951098312208,v6_tov,-79.27816170924143,7.738461064726571,-14.639301118074792,74.83273030884042,-1477.2212171370056,-243.06429926276434,4.9704650564308395e-06
0.5747203839157862,5.819043887147335,0.6961852603136248,-0.6322499039575594,v6_tov,-79.19167104102843,7.691850315528635,-15.179780510544033,80.20950062129732,-1467.558909187477,-243.5097811716663,5.10779483420265e-06
0.5778474399164054,5.850705329153604,0.6940131431582961,-0.6305442235300616,v6_tov,-79.09487595165253,7.643525017259412,-15.735881982712858,85.9250669166976,-1457.1731429162899,-243.72525946542524,5.248102979749092e-06
0.5809744959170247,5.882366771159875,0.6918469282138948,-0.628833528584167,v6_tov,-78.98656371566568,7.593436347170479,-16.30756592229684,91.99374667996685,-1446.0166702619292,-243.69197130130163,5.391422860157036e-06
0.5841015519176439,5.914028213166144,0.6896859167926367,-0.6271185584936417,v6_tov,-78.86538266393096,7.541535673513788,-16.89474554556346,98.42936256593447,-1434.0402778574323,-243.38989900299413,5.53747764797663e-06
0.587228607918263,5.945689655172413,0.6875301907181506,-0.6253993703075038,v6_tov,-78.72982722320896,7.487774716296101,-17.497262222063743,105.24512269311681,-1421.192885262477,-242.79825674715406,5.686024110218568e-06
0.5903556639188823,5.977351097178683,0.6853801644988102,-0.6236757696147469,v6_tov,-78.57822159012771,7.432105835861964,-18.11486829569476,112.45322047550619,-1407.4217008895707,-241.8954620348817,5.8372161788611265e-06
0.5934827199195015,6.009012539184953,0.6832362104850689,-0.6219476153132629,v6_tov,-78.40870197986976,7.374482301087142,-18.74723885494454,120.06474558596786,-1392.6724180054953,-240.65909357311983,5.990993486193474e-06
0.5966097759201208,6.0406739811912225,0.6810977989647127,-0.6202154308378656,v6_tov,-78.21919740691644,7.314858504349171,-19.39397023483616,128.0893231111212,-1376.8894500071824,-239.0658406813866,6.1468076637538616e-06
0.5997368319207399,6.072335423197491,0.6789650041612156,-0.618479273147254,v6_tov,-78.00740897943096,7.253190239089792,-20.054549840154912,136.5347596742085,-1360.0162312043349,-237.09189269937852,6.305398471795343e-06
0.6028638879213591,6.1039968652037615,0.676838499766035,-0.616738797005865,v6_tov,-77.77078772216302,7.189435103514424,-20.72834561288444,145.40667411682745,-1341.9956033432381,-234.71306471435537,6.465449132520007e-06
0.6059909439219784,6.135658307210031,0.6747181725598502,-0.6149942068281774,v6_tov,-77.50651098726864,7.123552844026434,-21.41462050032025,154.7081442156264,-1322.7702623058408,-231.90473546617588,6.628043024647923e-06
0.6091179999225976,6.167319749216301,0.6726036944098632,-0.6132458309258914,v6_tov,-77.21145757065925,7.055505668441405,-22.11252004218585,164.43934259765194,-1302.28327670013,-228.6421446201865,6.791261910166213e-06
0.6122450559232169,6.198981191222571,0.6704951321158156,-0.6114937260870268,v6_tov,-76.8821817262772,6.985258667052974,-22.821036812581664,174.59683893634175,-1280.4787124941645,-224.90078025666588,6.956484071451996e-06
0.615372111923836,6.23064263322884,0.6683934410064177,-0.6097374168928965,v6_tov,-76.51488636522076,6.912780348231133,-23.5390106130225,185.1733967778361,-1257.3023747897419,-220.6566701011641,7.1229515583581815e-06
0.6184991679244553,6.262304075235109,0.6662979720010378,-0.6079774115883012,v6_tov,-76.10539584436279,6.838043058280791,-24.265147248279295,196.15724710198361,-1232.702629509272,-215.88642056839117,7.2899554766081565e-06
0.6216262239250745,6.2939655172413795,0.6642086270057755,-0.6062138641426384,v6_tov,-75.64912889361446,6.761023399613852,-24.997991814811122,207.53185093044078,-1206.63133275054,-210.56784492504005,7.457772937868867e-06
0.6247532799256937,6.325626959247649,0.6621255678334204,-0.604446775117527,v6_tov,-75.14107240581231,6.68170281766492,-25.735893123677588,219.2748645635737,-1179.0449085131313,-204.68045859868454,7.6256008583186485e-06
0.6278803359263129,6.357288401253918,0.6600497433405472,-0.6026757273227002,v6_tov,-74.57575702150498,6.60006824156647,-26.477019144775333,231.35817497187927,-1149.9055571191134,-198.20590316398685,7.7936248885635e-06
0.6310073919269321,6.388949843260187,0.6579802329485653,-0.6009013234736466,v6_tov,-73.94723568499587,6.516112574474561,-27.219376299326782,243.7469501255999,-1119.1825539014194,-191.12828811794938,7.96090643007119e-06
0.6341344479275514,6.420611285266458,0.6559170908043739,-0.5991236198620652,v6_tov,-73.24906662867721,6.4298352135866255,-27.96077163927414,256.39954881616586,-1086.8536728263819,-183.4350218757291,8.126779050598998e-06
0.6372615039281706,6.452272727272727,0.6538607535811054,-0.5973424839933429,v6_tov,-72.4743025584338,6.341242777001489,-28.698790588841927,269.26658696450573,-1052.9067665049583,-175.11748814206652,8.291570054552722e-06
0.6403885599287898,6.483934169278998,0.6518116396932769,-0.5955578074291019,v6_tov,-71.61548815868785,6.25034976294392,-29.43082895501392,282.2910475400046,-1017.3414351801723,-166.1715884934972,8.454560799009414e-06
0.643515615929409,6.515595611285266,0.6497690612261784,-0.5937700160383573,v6_tov,-70.66466840163788,6.157179076427541,-30.154104828129427,295.4077694915684,-980.1707535488191,-156.59843400675646,8.615281245738515e-06
0.6466426719300282,6.547257053291536,0.6477330655032989,-0.5919791657259611,v6_tov,-69.61341051507534,6.061762614051714,-30.86562459050265,308.5433646779885,-941.4230694960688,-146.40523447347033,8.772924928734938e-06
0.6497697279306475,6.578918495297805,0.6457043808959038,-0.5901850112739224,v6_tov,-68.45284281225017,5.964142003250358,-31.56218603225455,321.6161789684327,-901.1438584642178,-135.60604140496955,8.927421845328354e-06
0.6528967839312667,6.610579937304076,0.6436828569744847,-0.5883877117679241,v6_tov,-67.17371388094766,5.864369167602071,-32.24042806358982,334.5365285569042,-859.3975203247531,-124.22237235158507,9.077963255776922e-06
0.6560238399318858,6.642241379310344,0.6416680608496441,-0.5865875368753236,v6_tov,-65.76647582100696,5.762506755172796,-32.89684070600338,347.2072706004945,-816.2690703163119,-112.28392333786458,9.223981834338701e-06
0.6591508959325051,6.673902821316614,0.6396600332700526,-0.5847845420394654,v6_tov,-64.22139525127756,5.658628641339826,-33.52774303288229,359.5239769968784,-771.8656954454354,-99.82935617726135,9.364720625626433e-06
0.6622779519331243,6.705564263322884,0.6376598076066912,-0.58297838939347,v6_tov,-62.52869560777508,5.552820495096409,-34.129323713949915,371.37649528152025,-726.3180865606038,-86.90668584553235,9.50011053646449e-06
0.6654050079337436,6.737225705329154,0.6356666335127908,-0.5811694647801651,v6_tov,-60.67873374420198,5.44518002830626,-34.69771631372446,382.64954731889287,-679.7813784303198,-73.57370352898086,9.629602573113516e-06
0.6685320639343628,6.768887147335423,0.6336803517399655,-0.5793579021144136,v6_tov,-58.662212939287684,5.335817091083178,-35.229009883324814,393.22499951022144,-632.4356271377344,-59.89809548311759,9.752055376566204e-06
0.671659119934982,6.800548589341692,0.631701096416,-0.5775437202187427,v6_tov,-56.47043303229119,5.224853854803211,-35.71925183454106,402.98264440834987,-584.4857519640434,-45.95765350570004,9.867350286185683e-06
0.6747861759356012,6.832210031347962,0.6297299167871022,-0.5757266166024986,v6_tov,-54.09557648586478,5.112424889509517,-36.16453338341063,411.8035272394696,-536.1607868791922,-31.839673396282823,9.97501490473951e-06
0.6779132319362204,6.863871473354232,0.6277657375497802,-0.5739070554051637,v6_tov,-51.531026686793886,4.998676812550834,-36.56108479307585,419.5712864493095,-487.712285443846,-17.640547123669904,1.0074580274022082e-05
0.6810402879368397,6.895532915360501,0.6258085884506399,-0.572085091075918,v6_tov,-48.77171176840824,4.883767770326845,-36.90528970857015,426.1757765479961,-439.41183642778805,-3.4645827043689716,1.0165727488242737e-05
0.6841673439374588,6.927194357366771,0.623858903754366,-0.5702606468360181,v6_tov,-45.814463780275375,4.767866997275284,-37.19372510234051,431.51483995890663,-391.5476527547511,10.57711471434962,1.0247380089367653e-05
0.6872943999380781,6.95885579937304,0.6219171359255612,-0.568433651707695,v6_tov,-42.65837934494875,4.651154047793534,-37.42327811867091,435.49801710040833,-344.42014764124946,24.368616603092377,1.0320164506083529e-05
0.6904214559386973,6.99051724137931,0.6199824866088535,-0.5666044318645376,v6_tov,-39.30516433990826,4.533817624467621,-37.59123097630737,438.048826265194,-298.3365288434868,37.79114188829689,1.0382972291722581e-05
0.6935485119393165,7.02217868338558,0.6180549797248994,-0.5647730410997052,v6_tov,-35.75944204085732,4.4160542790032835,-37.695279290478766,439.1076922456749,-253.60454164284465,50.725596569148074,1.0436126302693083e-05
0.6966755679399358,7.05384012539185,0.6161353581505724,-0.5629393265799898,v6_tov,-32.029002053232,4.298067125867003,-37.733592076555816,438.6341461577017,-210.52552772188736,63.05527318780366,1.0479141394625913e-05
0.6998026239405549,7.0855015673981185,0.6142234568349306,-0.5611034089974163,v6_tov,-28.124966760595427,4.18006416794746,-37.704919668898384,436.60875687213235,-169.38700137687954,74.66874149062676,1.051203851432092e-05
0.7029296799411742,7.117163009404388,0.612318767560602,-0.559265496636445,v6_tov,-24.061853398036085,4.062256335260014,-37.608635027118375,433.03471907414064,-130.45507368733283,85.46288561270289,1.0534551392993308e-05
0.7060567359417934,7.1488244514106585,0.6104213087068922,-0.5574256425693133,v6_tov,-19.857513534997018,3.944855552274163,-37.444719300534985,427.9379960105201,-93.96710552562249,95.3456612864006,1.0547056284337941e-05
0.7091837919424127,7.180485893416928,0.6085321372574817,-0.5555836370582217,v6_tov,-15.532937799619528,3.8280728668995336,-37.213801861997716,421.36805258002573,-60.124968602119395,104.23899998690752,1.0549478083987651e-05
0.7123108479430318,7.212147335423197,0.6066504561301962,-0.5537397533713387,v6_tov,-11.111921848097126,3.7121162674373336,-36.917215645621226,413.3961328297952,-29.089298749543275,112.08076975599488,1.0542039333927278e-05
0.715437903943651,7.243808777429467,0.604776057215364,-0.5518941016383357,v6_tov,-6.620599275343089,3.5971884654779465,-36.556953781976446,404.1146483340101,-0.9751202816991125,118.82688457419026,1.0524711143489185e-05
0.7185649599442703,7.275470219435737,0.6029090433197146,-0.5500467138237592,v6_tov,-2.0868574525308152,3.483484984060756,-36.13559510747915,393.6336572190574,24.150878854801142,124.45208566910634,1.0498046364659785e-05
0.7216920159448895,7.307131661442006,0.6010505192143811,-0.5481974029693125,v6_tov,2.4603379802907357,3.371192406444368,-35.65629575253147,382.0792280938282,46.27124990628525,128.95077310954193,1.0462145041856274e-05
0.7248190719455088,7.3387931034482765,0.5991993161120048,-0.5463464956912798,v6_tov,6.991676236796941,3.2604865168751416,-35.12276692536552,369.5887616203579,65.41678919344278,132.33622899970905,1.0417639643378607e-05
0.7279461279461279,7.370454545454545,0.5973554432832013,-0.5444940436348261,v6_tov,11.478253178898875,3.151530688299739,-34.5391503649202,356.3084565664239,81.66372080701217,134.6400438479228,1.0364720338884581e-05
0.7310731839467471,7.402115987460815,0.5955193145119041,-0.5426400189100286,v6_tov,15.89230112380344,3.044474802065315,-33.909908554235834,342.3884398799437,95.12928110386665,135.910118295485,1.0303953310142333e-05
0.7342002399473664,7.433777429467085,0.5936914037354198,-0.5407843916305083,v6_tov,20.207858023698925,2.939454322249795,-33.23978104555584,327.979782664997,105.96599673537354,136.20869616860702,1.0235667208036148e-05
0.7373272959479856,7.465438871473355,0.5918708459039554,-0.538927388368597,v6_tov,24.401342853279825,2.8365894885097664,-32.533704197048905,313.23045394522677,114.35502379898467,135.60958266178113,1.0160450479190786e-05
0.7404543519486048,7.497100313479623,0.5900576455517552,-0.5370690598856833,v6_tov,28.452012227715365,2.73598489238629,-31.796673458162715,298.28253133270226,120.49898275466873,134.19550024873863,1.007877298064841e-05
0.743581407949224,7.528761755485893,0.5882525289806768,-0.5352093368731973,v6_tov,32.3422831068488,2.6377295314356113,-31.03365281043948,283.2693601529348,124.61471955297817,132.05514841822946,9.99105104781961e-06
0.7467084639498432,7.560423197492163,0.586455333344137,-0.5333483087523657,v6_tov,36.05791672273443,2.5418969519022534,-30.24953802627933,268.3134462563816,126.9263349327049,129.2803654051181,9.897839824191124e-06
0.7498355199504625,7.592084639498433,0.5846655027021331,-0.5314861212018402,v6_tov,39.58806846639081,2.4485455326335392,-29.449079651507756,253.5250793986676,127.65879347529071,125.96359504696298,9.799470255700271e-06
0.7529625759510817,7.623746081504702,0.5828830371431429,-0.5296228240471644,v6_tov,42.92521648442932,2.357719109428332,-28.63678343810214,239.00109550195202,127.03236616720949,122.19552500359329,9.696531829916921e-06
0.7560896319517009,7.655407523510971,0.581108974634634,-0.5277583244855162,v6_tov,46.06498759359842,2.2694478816564385,-27.81687824689503,224.82487795084933,125.25804944388327,118.06331392444852,9.589430806755672e-06
0.7592166879523201,7.687068965517241,0.579342514620804,-0.5258927944727961,v6_tov,49.005902602106005,2.1837492373474374,-26.993318605746826,211.06584748531532,122.53398170199837,113.64883074849439,9.478523256944982e-06
0.7623437439529394,7.718730407523511,0.577583413006331,-0.5240263174765387,v6_tov,51.74906432881011,2.1006286438109845,-26.16973690715793,197.78048163946167,119.04286318644913,109.0277671514819,9.3643291219081e-06
0.7654707999535586,7.750391849529781,0.5758317408614063,-0.522158933720909,v6_tov,54.297810870119775,2.0200807716871285,-25.349397783119304,185.01242578894374,114.95033491357057,104.26867516271528,9.246975048782247e-06
0.7685978559541777,7.78205329153605,0.5740886193616032,-0.5202905701392077,v6_tov,56.65735445391009,1.942090670911411,-24.53522208478593,172.79410764334207,110.40419081047796,99.43279636700322,9.127033065325918e-06
0.771724911954797,7.813714733542319,0.5723528393404277,-0.5184214196609652,v6_tov,58.83442305892232,1.8666347447936185,-23.729818508796384,161.14716860019217,105.53426416649488,94.57367330317851,9.00478278431649e-06
0.7748519679554162,7.845376175548589,0.5706243937135546,-0.5165515303371381,v6_tov,60.836918355198904,1.7936817281883375,-22.935459135826513,150.08428300755455,100.45287592096916,89.73753790457035,8.880414401168935e-06
0.7779790239560355,7.877037617554859,0.5689036635677551,-0.5146809160276041,v6_tov,62.673599843708644,1.723193814558332,-22.1540781871392,139.60986368791063,95.25572677084399,84.96343994479089,8.754302322167007e-06
0.7811060799566547,7.908699059561129,0.5671911320106303,-0.5128095903593465,v6_tov,64.35380164432239,1.6551276419217755,-21.387322660053382,129.7215948252234,90.02307403714035,80.28381634960382,8.62665779610694e-06
0.7842331359572738,7.9403605015673975,0.565485905390464,-0.5109376824996468,v6_tov,65.88718539598165,1.5894351032357334,-20.63658182823011,120.41131985099989,84.82108118306536,75.72493109835357,8.49766165345045e-06
0.7873601919578931,7.972021943573668,0.5637879729656176,-0.5090652394392182,v6_tov,67.28353029060636,1.5260641478453025,-19.902980823631243,111.66628308677768,79.70326853441554,71.30755113651757,8.367607549075728e-06
0.7904872479585123,8.003683385579937,0.5620980219052965,-0.5071922657382746,v6_tov,68.5525593860836,1.4649596320062428,-19.18740202711352,103.46999112629095,74.71199781970962,67.0475228282053,8.23655135162582e-06
0.7936143039591316,8.035344827586208,0.5604159030774541,-0.5053188266004176,v6_tov,69.70380000242476,1.4060639865549451,-18.49053485004762,95.8030647373683,69.87990964367245,62.95636987628273,8.10478459589703e-06
0.7967413599597507,8.067006269592476,0.5587410373684771,-0.5034450053527212,v6_tov,70.74647513417919,1.3493177560912424,-17.81289405718238,88.64404059930791,65.23128161455917,59.041898353029076,7.972369913566979e-06
0.79986841596037,8.098667711598745,0.5570734106537919,-0.5015708478882124,v6_tov,71.68942233036981,1.294660152055132,-17.154817215144913,81.96994132948197,60.78329558480891,55.30872025239494,7.839441952040005e-06
0.8029954719609892,8.130329153605016,0.555414010427664,-0.4996963659346423,v6_tov,72.54103631588619,1.2420296078669528,-16.51649376743278,75.7569620651203,56.54719580320528,51.75881337251933,7.706187311162793e-06
0.8061225279616084,8.161990595611286,0.5537620650020285,-0.49782164233180604,v6_tov,73.30923167572494,1.1913641501658507,-15.898005726460623,69.98073571454225,52.52931297972665,48.39189582131334,7.572605319916548e-06
0.8092495839622277,8.193652037617555,0.5521173067710073,-0.49594673192261235,v6_tov,74.00142212592502,1.142601699457338,-15.299331293862254,64.61692146971068,48.731965920964136,45.2059189609085,7.4388954163229215e-06
0.8123766399628468,8.225313479623823,0.5504797769769795,-0.4940716787223431,v6_tov,74.6245131948693,1.095680418709984,-14.720342056544515,59.64131039156436,45.15425478252908,42.19734764875906,7.305097530219129e-06
0.8155036959634661,8.256974921630094,0.5488505806020944,-0.49219651971228057,v6_tov,75.18490549057351,1.050539031539168,-14.160832965270735,55.03028125376055,41.79274450100433,39.36155844646413,7.17124043769779e-06
0.8186307519640853,8.288636363636364,0.5472285119975177,-0.4903213204156056,v6_tov,75.68850609990187,1.0071169833143514,-13.620550868410152,50.76075423478942,38.64203707291844,36.693010442533776,7.037481323468597e-06
0.8217578079647045,8.320297805642634,0.5456135516956857,-0.48844612470059234,v6_tov,76.1407460304874,0.9653545808895655,-13.099186280305512,46.81055489183153,35.695254832804395,34.18556426207009,6.90376741763199e-06
0.8248848639653237,8.351959247648903,0.5440060408127994,-0.4865709810274625,v6_tov,76.54660194975523,0.9251932051922348,-12.59637407741773,43.15834929609703,32.9444510821032,31.832607559867377,6.77022385764392e-06
0.8280119199659429,8.383620689655173,0.5424064602389049,-0.4846959477796684,v6_tov,76.91062078844129,0.8865754465998985,-12.111719781670361,39.78382048445907,30.380945417511377,29.627259595484073,6.636904321677406e-06
0.8311389759665622,8.415282131661442,0.5408139193407061,-0.4828210607782882,v6_tov,77.23694605369035,0.8494451531500532,-11.644811776584627,36.667627553510385,27.995593326672896,27.56246836580462,6.50380116906657e-06
0.8342660319671814,8.446943573667712,0.5392283959890734,-0.480946362711051,v6_tov,77.52934493789991,0.8137474895157979,-11.19521205143734,33.79149504156882,25.779005971213184,25.63114595263515,6.370973791858248e-06
0.8373930879678007,8.478605015673981,0.5376505231468017,-0.479071921989543,v6_tov,77.79123551492252,0.7794290431027497,-10.762460658378046,31.138180435117675,23.721729466787444,23.82624161198821,6.238444349271344e-06
0.8405201439684198,8.51026645768025,0.5360801723362946,-0.47719778635109283,v6_tov,78.0257134874469,0.7464378551493792,-10.346094856606143,28.691460804281498,21.814382232527866,22.140810341315316,6.106251165372001e-06
0.843647199969039,8.54192789968652,0.534516762063898,-0.47532397837600227,v6_tov,78.23557809154904,0.714723407094098,-9.945651176104134,26.43612395586533,20.047759229311364,20.568070824440298,5.974400513086842e-06
0.8467742559696583,8.57358934169279,0.5329602677827173,-0.4734505395490771,v6_tov,78.4233568800845,0.6842366387687752,-9.560656150546624,24.357922032297,18.41291297663428,19.101438040103638,5.842897305319283e-06
0.8499013119702775,8.60525078369906,0.5314116049694247,-0.4715775730865366,v6_tov,78.59132919936962,0.6549299927232503,-9.190633767459332,22.443571044760215,16.901214853406113,17.734569388817295,5.711815862619041e-06
0.8530283679708967,8.636912225705329,0.5298700532878754,-0.4697050853318812,v6_tov,78.74154824690571,0.6267573858247205,-8.835119487410916,20.680652357504353,15.504395120244697,16.4613621073126,5.581127352605186e-06
0.8561554239715159,8.668573667711598,0.5283353329980379,-0.46783310145156837,v6_tov,78.87586165489073,0.599674165904658,-8.49365538558723,19.057631824661872,14.214568695050273,15.275991747356267,5.450868946099696e-06
0.8592824799721351,8.700235109717868,0.5268074589250528,-0.4659616653275517,v6_tov,78.99593058776414,0.5736371137433359,-8.165782050856675,17.563759759199524,13.024252266894429,14.172895540413766,5.321031093602491e-06
0.8624095359727544,8.731896551724137,0.5252874939218652,-0.4640909183121852,v6_tov,79.10324737450965,0.5486044503808979,-7.851048152205038,16.189086648420055,11.926372575939169,13.146803040437291,5.191610951305048e-06
0.8655365919733736,8.763557993730409,0.5237742704096117,-0.4622208067928038,v6_tov,79.1991517200242,0.5245357792723295,-7.549020084101878,14.92434660273894,10.914264739052108,12.192705661843702,5.062668768984757e-06
0.8686636479739928,8.795219435736676,0.5222677601259299,-0.46035137007963045,v6_tov,79.28484555634375,0.5013920332753263,-7.259272714819798,13.760982613941074,9.981665815700492,11.305880657976513,4.9341788648515905e-06
0.871790703974612,8.826880877742946,0.5207682608756969,-0.4584826843381193,v6_tov,79.36140660540428,0.4791354746663123,-6.981385162732351,12.69105450271123,9.122706612534975,10.481863999292566,4.806150730646275e-06
0.8749177599752312,8.858542319749217,0.5192762412872598,-0.4566148528651809,v6_tov,79.42980073154725,0.457729668543814,-6.714950484301838,11.707228258889062,8.331899201151375,9.716457634985439,4.678598604160311e-06
0.8780448159758505,8.890203761755487,0.5177908387515701,-0.45474782372896283,v6_tov,79.49089316517363,0.4371394222547183,-6.459578622108898,10.802710650140451,7.604121075008121,9.005709585606635,4.55152301799544e-06
0.8811718719764696,8.921865203761755,0.5163120232130092,-0.4528816349949141,v6_tov,79.54545867962705,0.41733074036033946,-6.214888494005927,9.971234383357501,6.934598648714277,8.345912581473316,4.4249263463636e-06
0.8842989279770889,8.953526645768024,0.5148403645681254,-0.4510164089484007,v6_tov,79.59419080220862,0.39827081353799715,-5.980507400675582,9.207010910311041,6.318891029652736,7.733589185469159,4.298834272151164e-06
0.8874259839777081,8.985188087774295,0.5133757582459985,-0.4491521821183354,v6_tov,79.63771013771637,0.379927977252279,-5.756078488341611,8.50469564184103,5.7528721914373255,7.165482073647909,4.173213576520729e-06
0.8905530399783274,9.016849529780565,0.5119176371680146,-0.44728891909705903,v6_tov,79.67657187947202,0.3622716539839895,-5.5412598311398105,7.8593589936872155,5.232712610149337,6.638544082716738,4.04810710345066e-06
0.8936800959789466,9.048510971786834,0.5104659696911172,-0.4454266566971577,v6_tov,79.71127257877173,0.34527231764036703,-5.3357178007472434,7.266453586180276,4.754861839219408,6.149925071001962,3.923484152186518e-06
0.8968071519795657,9.080172413793104,0.5090215860559429,-0.4435655764809317,v6_tov,79.74225623931807,0.32890147725111457,-5.139129151895511,6.721795078812305,4.3160319231437905,5.6969659915773185,3.799372191415351e-06
0.899934207980185,9.111833855799373,0.5075838313744522,-0.4417056208606615,v6_tov,79.76991979864808,0.313131628335583,-4.951186837491597,6.221518748243252,3.9131803417967483,5.277181916376054,3.6757678324658705e-06
0.9030612639808042,9.143495297805643,0.5061524236269284,-0.4398467851236312,v6_tov,79.79461805400504,0.2979362002303846,-4.77159643776161,5.76207273958136,3.5434935612893925,4.888258949845405,3.552675147872053e-06
0.9061883199814235,9.175156739811912,0.5047273554457702,-0.4379891097157865,v6_tov,79.81666808561113,0.28328952978911154,-4.600070833063701,5.340179878253071,3.204371977645692,4.528036892989525,3.4300781405031955e-06
0.9093153759820426,9.206818181818182,0.5033096279453175,-0.4361328332785659,v6_tov,79.83635322595714,0.269166842026774,-4.436334125347815,4.952833611796745,2.89341566413197,4.194508591938371,3.3080075412250665e-06
0.9124424319826618,9.238479623824452,0.5018981373734641,-0.434277792804065,v6_tov,79.85392661958356,0.25554419929427014,-4.280125962983387,4.597256007924006,2.6084101237403376,3.885801694682415,3.1864451050002407e-06
0.9155694879832811,9.270141065830721,0.5004928497469482,-0.43242402287568976,v6_tov,79.86961441391347,0.24239845487486736,-4.13119607612612,4.2709009342032775,2.3473129999590343,3.600178688986583,3.0654038180102927e-06
0.9186965439839003,9.30180250783699,0.49909401916846535,-0.4305716209350977,v6_tov,79.88361861803324,0.22970723633510062,-3.989301389043059,3.971422265599338,2.1082421683028456,3.3360219179174604,2.944884304648121e-06
0.9218235999845196,9.33346394984326,0.4977020935383715,-0.428720734404314,v6_tov,79.89611966290656,0.217448917181096,-3.8542105297243294,3.6966670719231205,1.8894642676699351,3.091830935551971,2.824882789577779e-06
0.9249506559851387,9.36512539184953,0.49631625701940524,-0.42687123034527147,v6_tov,79.9072786933522,0.20560257200585214,-3.7257050340167033,3.4446527066749386,1.6893836670413958,2.8662116103074293,2.7054106498964475e-06
0.928077711985758,9.3967868338558,0.4949364745560101,-0.42502314208412767,v6_tov,79.91723961921126,0.19414794061477766,-3.60357484913332,3.213561081272362,1.5065323513158717,2.6578720878646984,2.5864588135814798e-06
0.9312047679863772,9.428448275862069,0.49356324901714355,-0.4231766361841383,v6_tov,79.92613095046549,0.18306541129452644,-3.4876176005552724,3.0017224971784073,1.339560787174667,2.46561481031408,2.4680377489153665e-06
0.9343318239869964,9.460109717868338,0.49219650019759426,-0.42133174358872716,v6_tov,79.93406743863326,0.17233598952341453,-3.377642237495345,2.807603785808267,1.18722916092084,2.288331055963862,2.350145460777893e-06
0.9374588799876156,9.491771159874608,0.4908356883364308,-0.4194883745726762,v6_tov,79.94115154455132,0.16194125844111695,-3.2734684262177076,2.6297983557781137,1.048399135173899,2.1249954867197953,2.2327799804513354e-06
0.9405859359882348,9.523432601880877,0.4894807774716786,-0.4176465612093838,v6_tov,79.94747475063323,0.15186335135333126,-3.174922839941831,2.4670161680976173,0.9220263876471035,1.9746602630562922,2.1159550360294425e-06
0.943712991988854,9.555094043887147,0.4881325060414563,-0.4158065506306545,v6_tov,79.95311873386684,0.14208493540483072,-3.0818400068343297,2.3180772837859784,0.8071538223754856,1.8364517219300895,1.9996637120982264e-06
0.9468400479894733,9.586755485893416,0.4867902919339102,-0.41396823341389216,v6_tov,79.95815641415643,0.13258917878069193,-2.9940653031752293,2.181898027832492,0.7029050735004664,1.7095637263131709,1.8839048545032239e-06
0.9499671039900925,9.618416927899688,0.4854538589938052,-0.4121315755069983,v6_tov,79.96265289111926,0.12335971565975092,-2.9114530456532197,2.0574890992153825,0.6084785048463887,1.5932558866184534,1.7686910323041604e-06
0.9530941599907117,9.650078369905955,0.48412318216914946,-0.4102966112659667,v6_tov,79.96666628109583,0.11438062534682993,-2.833863450770565,1.943943882519319,0.5231418376238615,1.4868470729353358,1.6540131132847854e-06
0.9562212159913309,9.681739811912225,0.4827991869056852,-0.40846366858091954,v6_tov,79.97024846491529,0.10563641624241575,-2.7611646263690197,1.84043776514249,0.4462272291044182,1.3897151007875574,1.5398779481094488e-06
0.9593482719919502,9.713401253918496,0.4814808512258251,-0.4066324857224059,v6_tov,79.97344575586239,0.09711199251966039,-2.693235010902728,1.7462142459078274,0.3771265852813822,1.3012899081242706,1.4262889950683371e-06
0.9624753279925694,9.745062695924766,0.4801681379367992,-0.40480309256395497,v6_tov,79.97629949630614,0.08879262283857346,-2.629960350608085,1.6605874260995286,0.31528730577352027,1.2210539962755764,1.3132457964660452e-06
0.9656023839931885,9.776724137931033,0.4788612591218742,-0.4029756020114242,v6_tov,79.9788465905651,0.08066392592814112,-2.571231974441419,1.5829318868043265,0.2602085229146816,1.1485370230529302,1.2007477474758376e-06
0.9687294399938078,9.808385579937303,0.47756063513629227,-0.40115020405011914,v6_tov,79.98111998078863,0.07271185008925138,-2.5169493067176822,1.512681385574377,0.21143760440820616,1.0833153873108572,1.0888031349063992e-06
0.971856495994427,9.840047021943574,0.4762655100812781,-0.39932669223912304,v6_tov,79.98314907192008,0.0649226430624893,-2.4670206659812823,1.4493214225272164,0.1685669118326355,1.025008456531246,9.774086848011575e-07
0.9749835519950463,9.871708463949844,0.474975846263741,-0.3975050952266301,v6_tov,79.98496011116754,0.057282826534834595,-2.4213607086036073,1.3923887677486535,0.13123090504099433,0.9732779415297358,8.66568339385023e-07
0.9781106079956655,9.903369905956113,0.47369207922864587,-0.39568561490612275,v6_tov,79.9865765268345,0.04977918199548426,-2.3798899337398667,1.3414666223734968,0.09910358202414844,0.9278254626891025,7.562823870098845e-07
0.9812376639962846,9.935031347962383,0.47241415162338574,-0.3938682815360176,v6_tov,79.98801923084886,0.04239872833860554,-2.3425368709066525,1.296181366173807,0.0718961258497614,0.8883912989302133,6.465554766117904e-07
0.9843647199969039,9.966692789968652,0.4711415603574895,-0.3920529553930335,v6_tov,79.9893068888679,0.03512869403780343,-2.30923787298944,1.2561999259124967,0.049354788712572165,0.8547531743812565,5.373856974907152e-07
0.9874917759975231,9.998354231974922,0.4698742673653282,-0.39023966391480314,v6_tov,79.99045616142573,0.027956496043427963,-2.279934909894474,1.2212274648336496,0.031259049983972935,0.8267250571808209,4.287784102922851e-07
0.9906188319981424,10.030015673981191,0.46861291777488023,-0.38842870776417204,v6_tov,79.99148191922035,0.020869725755789922,-2.2545760556729855,1.1910062518636548,0.01742001054415923,0.8041570437077042,3.207343202936792e-07
0.9937458879987615,10.061677115987461,0.4673570043937997,-0.38661993698300834,v6_tov,79.99239743530806,0.013856124875938724,-2.2331174614118128,1.1653111319564546,0.007678967261807789,0.7869336751300382,2.1325507018005083e-07
0.9968729439993808,10.09333855799373,0.4661062633572309,-0.3848132893263069,v6_tov,79.99321455667746,0.006903559040199187,-2.215522343251118,1.143950444982753,0.001906203970554783,0.7749748684624654,1.0634301992932535e-07
1.0,10.125,0.4648606563453246,-0.3830087910382184,v6_tov,79.99394385741189,0.0,-2.2076864113825097,1.1328373630817663,0.0,0.7723763369225329,0.5522383148679637
